College,Department,Keyword,Search_Volume,Opportunity_Score,AI_Potential,Strategy_Tag,Keyword_Type,Rank1_Title,Rank1_Link,Rank1_Snippet,Rank2_Title,Rank2_Link,Rank2_Snippet,Rank3_Title,Rank3_Link,Rank3_Snippet
民生學院,環境與安全衛生工程系,環境與安全衛生工程系 排名,1760,1408.0,83,⚔️ 全國戰役：製作【本校 vs 全台名校】優勢對照表,全台比拼,環境與安全衛生工程系出路整理：工程新貴5大吃香出路!,https://thxuexi.com/環境與安全衛生工程系出路/,環境與安全衛生工程系簡介 環境與安全衛生工程系 環境與安全衛生工程（EHS），一門既保護環境又確保人体健康的跨領域學科，結合工學、化學、生物學，深入探討污染控制、廢棄物管理、工業衛生等議題。 5大熱門環境與安全衛生工程系出路 半導體產業 出路1. 半導體產業 半導體製造過程中會 ...,國立高雄科技大學環境與安全衛生工程系,https://www.she.nkust.edu.tw/,"環境與安全衛生工程系 Department of Safety, Health and Environmental Engineering 地址 : 第一校區 824005 高雄市燕巢區大學路1號 811532 高雄市楠梓區卓越路2號 電話 : (07) 6011000 轉 32301 ~ 32306 | 傳真 : (07) 6011061 | 信箱 : sxoffice01@nkust.edu.tw 網頁設計 / 維護 : 詹翔驛 James",明志科技大學-環境與安全衛生工程系 - 明志科技大學-環境與安全衛生工程系-明志科技大學環境與衛生工程系｜環安衛系,https://she.mcut.edu.tw/,"培養學生具備環境工程與安全衛生之專業知識與技能,培育學生具有環境工程與安全衛生之實務執行能力,培養學生具備專業倫理之態度與良好語文溝通能力,訓練學生具備跨領域整合能力與了解當代環境議題之能力。"
民生學院,消防安全學士學位學程,消防安全學士學位學程 排名,1744,1395.2,80,⚔️ 全國戰役：製作【本校 vs 全台名校】優勢對照表,全台比拼,護理 學 學 士 學 位 課 程,https://www2.kwnc.edu.mo/zh_hant/standard/BSN_Programme.html,2026/2027年度「護理 學 學 士 學 位 課 程 」面試取錄生請按 學 院 安 排 到鏡湖醫院作體格檢查，詳細資料如下 : 指定體格檢查機構 鏡湖醫院 (可於本 學 院 安 排 日期內隨本 學 院帶領前往).,PLG 3rd meeting 170306_Chi_-gist,https://www.hkfsd.gov.hk/chi/source/notices/notes_of_plg_meeting/12th/plg_12th_03.pdf,5. 消 防 處的服務承諾. 5.1. 應一小組成員在上次會議要求 消 防 處準備了本年一月及二月以兩小時 為 單 位 的 召 達 時 間 表 現 的 投 影 片。,消 防 - YouTube,https://www.youtube.com/playlist?list=PL9DxwXyssZt30QFaSNlEq4cMkc_a38PK9,大葉大 學 消 防 安 全 學 士 學 位 學 程 .
民生學院,職業安全衛生系,職業安全衛生系 排名,1652,1321.6,82,⚔️ 全國戰役：製作【本校 vs 全台名校】優勢對照表,全台比拼,嘉南藥理大學職業安全衛生系- 113年大學| 科大交叉查榜-www.com.tw,https://www.com.tw/cross/m_check_1204014_NO_1_113_1_3.html,*. 考:國立屏東大學民生校區. 嘉南藥理大學職業安全衛生系. 中國醫藥大學 運動醫學系. 輔仁大學 食品科學系. 中山醫學大學 職業安全衛生學系. 國立屏東大學 資訊管理學系.,公告-110-2專題成果發表會得名 - 輔英科技大學-職業安全衛生系,"https://eosh.fy.edu.tw/p/406-1100-49026,r849.php?Lang=zh-tw",輔英科技大學. 職業安全衛生系 公告. 日期：111年6月8日. 主旨：110年度第2學期日間部專題製作成果發表會得獎名單. 說明：. 排名. 學號. 姓名. 1. 張哲豪. 10841317. 2.,職業安全與衛生學類科技大學 - 大學問,https://www.unews.com.tw/Search/Group?type=2,"國立雲林科技大學 · 環境與安全衛生工程系, 98.04% ; 國立高雄科技大學 · 環境與安全衛生工程系, 100.00% ; 大仁科技大學 · 環境與職業安全衛生系, 64.71% ; 弘光科技大學 ..."
民生學院,環境與安全衛生工程系,高雄科大 環境與安全衛生工程系 環境與安全衛生工程系 比較,1652,1321.6,93,⚔️ 全國戰役：製作【本校 vs 全台名校】優勢對照表,全台比拼,國立高雄科技大學環境與安全衛生工程系－科系介紹,https://guide.104.com.tw/career/schoolMajor/5179000000/520905/introduction/,高科大環境與安全衛生工程系之發展重點為「科技與環境融合，理論與實務合一」，課程設計上以專業與通識並重，期使能培養具有環保、安全及衛生專長之人才，系所主要特色歸納為 ...,國立高雄科技大學環境與安全衛生工程系 - 大學問,https://www.unews.com.tw/School/Department/153/3653,國立高雄科技大學環境與安全衛生工程系發展重點為「科技與環境融合，理論與實務合一」，課程設計上以專業與通識並重，期使能培養具有環保、安全及衛生專長之人才，系所主要 ...,洪崇軒教授 - 國立高雄科技大學環境與安全衛生工程系,https://she.nkust.edu.tw/p/404-1094-21920.php?Lang=zh-tw,經歷 · 國立高雄科技大學環境與安全衛生工程程系教授兼系主任 · 國立高雄第一科技大學環境與安全衛生工程系教授兼系主任 · 國立高雄第一科技大學環境與安全衛生工程系助理教授 ...
民生學院,幼兒保育系,幼兒保育系 排名,1532,1225.6,83,⚔️ 全國戰役：製作【本校 vs 全台名校】優勢對照表,全台比拼,12家政群幼保類群錄取分數排行榜- 109年科大四技二專甄選入學查榜,https://www.com.tw/vtech/groupid_12_109.html,朝陽科技大學 幼兒保育系 (畢業出路). 總級分(42). (201042). 朝陽科技大學 社會工作系 (畢業出路). 總級分(38). (202061). 南臺科技大學 幼兒保育系 (畢業出路). 總級分( ...,幼兒教育學類校系與就業資訊 - 104職涯導航,https://guide.104.com.tw/career/major/TC12/,科系真心話 · 國立屏東科技大學幼兒保育系 · 國立清華大學幼兒教育學系 · 南臺科技大學幼兒保育系 · 國立清華大學幼兒教育學系 · 南華大學幼兒教育學系 · 國立清華大學幼兒教育學 ...,12幼保群錄取分數排行榜- 114年四技二專登記分發查榜-www.com.tw,https://www.com.tw/techreg/m_groupid_12_114.html,朝陽科技大學幼兒保育系 (畢業出路). 393.50 / 56.21. (12004). 國立臺北護理健康大學嬰幼兒保育系 (畢業出路). 414.50 / 55.27. (12015). 樹德科技大學兒童與家庭服務系 ( ...
民生學院,消防安全學士學位學程,吳鳳科大 消防安全學士學位學程 消防安全學士學位學程 比較,1484,1187.2,94,⚔️ 全國戰役：製作【本校 vs 全台名校】優勢對照表,全台比拼,1111.com.tw/analysis/shareFrame/school.aspx?sNo=101608,https://www.1111.com.tw/analysis/shareFrame/school.aspx?sNo=101608,蘭花產業應用 學 士 學 位 學 程 . 消 防 安 全 學 士 學 位 學 程 .生物 科 技 學 系. 職業 安 全 與衛生 學 系. 保健營養 學 系.,PLG 3rd meeting 170306_Chi_-gist,https://www.hkfsd.gov.hk/chi/source/notices/notes_of_plg_meeting/12th/plg_12th_03.pdf,5. 消 防 處的服務承諾. 5.1. 應一小組成員在上次會議要求 消 防 處準備了本年一月及二月以兩小時 為 單 位 的 召 達 時 間 表 現 的 投 影 片。,護理 學 學 士 學 位 課 程,https://www2.kwnc.edu.mo/zh_hant/standard/BSN_Programme.html,"轉 學 申請條件 1. 獲得認可高等院校 學 士 學 位 課 程 入 學 資格；或 2. 現正就讀於其他認可高等院校 學 士 學 位 課 程 之在讀生.住宿費 全 學 年(共10個月)住宿費：澳門元 20,000 (一次性繳交). 按金 學 生首次入住宿舍須繳付相當於一個月住宿費之按金。"
民生學院,環境與安全衛生工程系,中國醫藥大學 環境與安全衛生工程系 環境與安全衛生工程系 比較,1438,1150.4,97,⚔️ 全國戰役：製作【本校 vs 全台名校】優勢對照表,全台比拼,中國醫藥大學 職業安全與衛生學系 - webap.cmu.edu.tw,https://webap.cmu.edu.tw/dosh/index.aspx,地點：中山醫學大學 (臺中市南區建國北路一段110號) 參加對象：中國醫藥大學、中山醫學大學、中臺科技大學、弘光科技大學、國立雲林科技大學等五所大學之職業安全衛生、環境與安全衛生工程相關學系大專學生 指導單位：教育部高等教育深耕計畫,中華醫事科技大學環境與安全衛生工程系－科系介紹、課程與相關科系－104升學就業地圖,https://guide.104.com.tw/career/schoolMajor/5117000000/520905/introduction/,中華醫事科技大學環境與安全衛生工程系的科系介紹，包含必選修的課程內容、相似科系以及他校同學類的科系。,環境與安全衛生工程系 - 中華醫事科技大學,https://she.hwai.edu.tw/,2026-01-26 中華醫大環安系學生證照、實習、升學、就業一把罩! 2026-01-20 🎉🎉🎉賀! 四環安四A 吳蓮庭同學 (文山高中校友) 錄取國立高雄科技大學 環境與安全衛生工程系 碩士班!
民生學院,餐旅管理系,餐旅管理系 排名,1434,1147.2,84,⚔️ 全國戰役：製作【本校 vs 全台名校】優勢對照表,全台比拼,餐旅管理 學類 校系與就業資訊－學類列表－104升學就業地圖,https://guide.104.com.tw/career/major/TC17/,公立大學 (0) 私立大學 (20) 公立科大 (9) 私立科大 (50) 國立屏東科技大學 餐旅管理系 註冊率 87.23% 國立高雄餐旅大學 旅館管理系 註冊率 98.13% 國立高雄餐旅大學 餐旅暨會展行銷管理系 註冊率 94.87% 國立高雄餐旅大學 國際廚藝學士學位學程 註冊率 88.57%,大學問 - 升大學 找大學問,https://www.unews.com.tw/Search/Group?type=2&group=162&sort1=0&sort2=1&sort3=1&sort4=1&order=1&limit=100&cur=1,「升大學 找大學問」 大學問（www.unews.com.tw）是國內最大的升學資訊平台。 提供學生及師長最專業的大學升學資訊和教育趨勢 ...,餐旅大學排行榜前10 - 考試板 | Dcard,https://www.dcard.tw/f/exam/p/230864957,B1 B2 B4 B8 B9 B10 B11 B13 B14 謝謝各位的解答🙏🙏 B3 我妹的興趣、夢想在於：中餐廚藝系 西餐廚藝系 餐飲管理系 並不是為了追求排名跟名聲喔～😀還是謝謝你 B5 那請問你去外面吃的餐廳、蛋糕店裡好吃的蛋糕是誰做的？
民生學院,運動健康與休閒系,育達科大 運動健康與休閒系 運動健康與休閒系 比較,1334,1067.2,100,⚔️ 全國戰役：製作【本校 vs 全台名校】優勢對照表,全台比拼,育達科技大學休閒運動管理系－科系介紹、課程與相關科系－104升學就業地圖,https://guide.104.com.tw/career/schoolMajor/5119000000/810504/introduction/,"學雜費 NT$45,020元／學期 師生比 85 興趣類型 社會型、企業型、實作型（S、E、R） 學系地址 36143苗栗縣造橋鄉談文村學府路168號 相關連結 科系官網 育達科大休閒運動管理系一、本系以培育職場需求火熱之休閒運動與健康促進專業知能之創新服務人才為目標，課程以「健身運動指導」、「戶外活動與 ...",PDF 休運系：陳淑貞主任 聯絡電話：0928-943-552 Line ID 0928-943-552 1,https://rsm.ydu.edu.tw/uploads/asset/data/68cadfd9f8eac30a844dfe32/112育達科大休運系介紹.pdf,就讀育達科大 休閒運動管理系 你(妳)一定要知道的 年薪百萬不是夢 休閒運動管理系不是→體育系 休閒運動管理系 投入休閒運動 健康產業，讓 你更有自信與 健美 14 與全國唯一上市健身俱樂部(健身工廠)合作， 共同培養人才→實習→就業 健身運動指導教練人才,育達科技大學 休閒運動管理系,https://rsm.ydu.edu.tw/,育達科技大學休閒運動管理系提供專業課程與活動，培養學生在休閒運動產業的實務能力與創新思維。
民生學院,餐旅管理系,國立高雄餐旅大學 餐旅管理系 餐旅管理系 比較,1290,1032.0,94,⚔️ 全國戰役：製作【本校 vs 全台名校】優勢對照表,全台比拼,國立高雄餐旅大學 - 维基百科，自由的百科全书,https://zh.wikipedia.org/wiki/國立高雄餐旅大學,國立高雄餐旅大學，簡稱 高餐大 或 高餐，始於1995年商轉的國立高雄餐旅管理專科學校，歷經數次改組及更名，2010年後更為現名，現有組織包含餐旅、觀光、國際、廚藝4個學院。,國立高雄餐旅大學餐飲管理系－科系介紹、課程與相關科系－104升學就業地圖,https://guide.104.com.tw/career/schoolMajor/5046000000/810103/introduction/,學系地址 81271高雄市小港區松和路1號 相關連結 科系官網 高餐大餐飲管理系培育對餐飲管理有興趣之學生，配合本系教學目標及發展方向培育具有專業性、國際觀及創造力的餐飲管理人才。 介紹內容來源：國立高雄餐旅大學餐飲管理系官網,國立高雄餐旅大學餐飲管理系介紹-tun大學網 - 1111,https://university.1111.com.tw/company.asp?sid=93&pgtp=4&codeNo=1000380304,TUN大學網-整理國立高雄餐旅大學餐飲管理系系所簡介、系所特色、招生資訊、畢業出路、錄取分數、註冊率、考古題，讓大學生深入了解餐飲管理系特色、必備核心能力、相關證照到未來發展，引領學生從申請、面試備審、畢業求職一路暢通!
民生學院,幼兒保育系,正修科大 幼兒保育系 幼兒保育系 比較,1164,931.2,97,⚔️ 全國戰役：製作【本校 vs 全台名校】優勢對照表,全台比拼,正修科技大學幼兒保育系－科系介紹、課程與相關科系－104升學就業地圖,https://guide.104.com.tw/career/schoolMajor/5093000000/760401/introduction/,學系地址 83347高雄市鳥松區澄清路840號 相關連結 科系官網 正修科大幼兒保育系的特色包含以下：一、幼兒保育系成立於民國86年，103年設立研究所碩士班，目前有日間部四技、進修部四技及二年制假日班學制。 日間部四技大學部分設托育教學組與家庭社工組。,幼兒保育系 (所),https://ecce.csu.edu.tw/,請填寫網站簡述 辦公室：幼保系館1樓 幼兒保育系 (所) 地址：833 高雄市鳥松區澄清路840號,"正修科技大學幼兒保育系, Kaohsiung (2026)",https://www.schoolandcollegelistings.com/TW/Kaohsiung/147253871976785/正修科技大學幼兒保育系,歡迎加入正修科技大學幼兒保育系大家庭 幼兒保育科於86年成立，91年改制設立幼兒保育系，現有學制有四技、二技等二學制。此外，因應政府推行托育相關發展之社會政策，及配合學生未來多元就業需求，積極規劃系列兒童托育教育與兒童多元化教材教具設計等課程，延聘學有專精教師，開設兩大 ...
民生學院,餐旅管理系,樹德科大 餐旅管理系 餐旅管理系 比較,1140,912.0,100,⚔️ 全國戰役：製作【本校 vs 全台名校】優勢對照表,全台比拼,樹德科大 餐旅與烘焙管理系 - Facebook,https://www.facebook.com/STU.HBSA/,"Nov 18, 2025 · 🎄 樹 德 科技大學 再創國際榮光！ 餐 旅 系 陳鈺茹老師 在 2025 釜山技能人大賽 「創意口布折疊競賽」中 以作品 《光樹聖誕》勇奪金牌！ 🏆🇰🇷 《光樹聖誕》結合聖誕節意象，融入樹德 28 週年校慶主題 〈樹立而發〉 更以「點亮永續」象徵光明、希望與溫暖。",樹德科技大學 餐旅與烘培管理系,https://www.hm.stu.edu.tw/,【高雄訊】 樹 德 科技大學 餐 旅 與烘焙 管理 系 師生代表日前遠赴馬來西亞，參加2025馬來西亞世界名廚錦標賽（Malaysia World Chef Championship 2025），在國際舞台上展現台灣烘焙與廚藝的創新實力與精湛工藝，為台灣爭光…,樹德科技大學餐旅與烘焙管理系－科系介紹、課程與相關科系－104升學就...,https://guide.104.com.tw/career/schoolMajor/5082000000/810102/introduction/,科系官網 樹 德 科大 餐 旅 與烘焙 管理 系 於2013年設立，培育餐飲及旅館專業管理人才。 以餐旅服務及烘培技術為發展模式，提供規劃完整而適宜的餐旅課程，藉由餐旅教學帶領，了解餐旅實務技能與產業發展的動態，深化餐旅經營知能，培養餐旅產業人才之完整性。
民生學院,運動健康與休閒系,運動健康與休閒系 排名,1076,860.8,85,⚔️ 全國戰役：製作【本校 vs 全台名校】優勢對照表,全台比拼,2026大學品牌力遊憩與運動學群排名－104升學就業地圖,https://guide.104.com.tw/career/college-brand/?typeId=GU18,國立體育大學有球類運動技術學系、陸上運動技術學系、技擊運動技術學系、運動保健學系、適應體育學系;國立臺灣體育運動大學有體育學系、競技運動學系、球類運動學系、技擊運動學系、 運動 健康 科學學系;國立高雄餐旅大學有旅館管理系、餐飲管理系 ...,遊憩與運動學群 - 大學18學群 | 大學問 - 升大學 找大學問,https://www.unews.com.tw/School/Group/172,國立中央大學 資訊工程學系 中國醫藥大學 藥學 系 中原大學 室內設計學系 輔仁大學 心理學 系 實踐大學 服裝設計學系 東吳大學 法律學系 世新大學 廣播電視電影學系 世新大學 社會心理學系 世新大學 傳播管理學系 輔仁大學 應用美術學系 中山醫學大學 ...,【2026 #高中生最愛百大熱門科系排行榜】出爐！... - 國立臺灣師範大...,https://www.facebook.com/ntnupe2011/posts/2026-高中生最愛百大熱門科系排行榜出爐選系所大家最在意的不是只有分數而是未來性與學習吸引力在最新榜單中體育與運動科學系-榮登遊憩與運動學群全台第-1-名-全/1390758286182942/,【2026 #高中生最愛百大熱門科系排行榜】出爐！ 選 系 所，大家最在意的不是只有分數，而是未來性 與 學習吸引力 在最新榜單中，體育 與運動 科學 系 榮登「遊憩 與運動 學群」全台第 1 名 全國總 排名 大躍進，從第 59 名攀升至第 39 名！ 從 運動 科學、 運動 科技到產業實務接軌，我們持續用專業、實作 與 ...
民生學院,餐旅管理系,育達科大 餐旅管理系 餐旅管理系 比較,1068,854.4,100,⚔️ 全國戰役：製作【本校 vs 全台名校】優勢對照表,全台比拼,育達科技大學餐旅經營系 - 【#育達科大餐 ... - Facebook,https://www.facebook.com/story.php/?story_fbid=1279194480677067&id=100057595803982,溜【#育達科大餐旅經營系｜從教室到吧檯，打造最強實戰力 】 在【育達科技大學 餐旅經營系】，我們不只是學理論，更學「職場真功夫」 從課堂上的 〈餐旅資訊系統〉、〈飲務與吧檯管理〉 等核心課程出發， 學生學會飲品設計、POS點餐操作、店務規劃、人力安排與財務分析， 將課堂所學與真實 ...,育達科技大學餐旅經營系－科系介紹、課程與相關科系－104升學就業地圖,https://guide.104.com.tw/career/schoolMajor/5119000000/810123/introduction/,師生比 11.86 興趣類型 社會型、企業型、藝術型（S、E、A） 學系地址 36143苗栗縣造橋鄉談文村學府路168號 相關連結 科系官網 育達科大餐旅經營系1.餐旅管理知識專業培養首重實務與實作教學，本系在課程、師資、設備與研究等方面均以實務與實做教學為重心。,育達科技大學 Yu Da University of Science and Technology,https://www.ydu.edu.tw/,育達科大設有科技創新學院、觀光餐旅學院及人文管理學院等三大學院，其下設有三個研究所和十一個系與一個學位學程。
民生學院,職業安全衛生系,職業安全衛生系 出路,985,788.0,85,✅ 資訊透明化：整理懶人包,資訊,TKB...,https://byone168.blogspot.com/2020/04/blog-post_23.html,生 物統計學. 職 業 安 全 衛 生 . 工 業 衛 生 概論. 工 業 安 全 衛 生 法規. 工 業 安 全 管理(包括應用統計). 安 全 工程.食品化學概要. 食品微 生 物學概要. 職 業 安 全 衛 生 . 工 業 衛 生 概要. 工 業 安 全 衛 生 法規概要.,安 全 衛 生 室 - 本院 職 安 衛 管理政策,https://www.ntuh.gov.tw/dsh/Fpage.action?fid=2292,(一)確保員工之 職 業 安 全 衛 生 ，是各階主管的首要責任。 (二)建立 職 業 安 全 衛 生 管理 系 統，並遵守國家 職 業 安 全 衛 生 相關法令規定。,Microsoft Word - 108財調0010.docx,https://www.cy.gov.tw/public/Data/108mo/108財調0010.pdf,有關規定會同勞工代表訂定適合其需要之 安 全 衛 生 工作守則報經勞動檢查機構備查後公告實 施。 勞工對於前項 安 全 衛 生 工作守則應切實遵 行。 」再依 職 業 安 全 衛 生 法第2條規定「雇主指事 業 主或事 業 之經營負責人。備查與 職 業 安 全 衛 生 法規定尚無不符。
民生學院,幼兒保育系,國立高雄餐旅大學 幼兒保育系 幼兒保育系 比較,958,766.4,93,⚔️ 全國戰役：製作【本校 vs 全台名校】優勢對照表,全台比拼,全國幼保系網頁 - 幼兒保育系 - KSU,https://web.ksu.edu.tw/dtchced/page/58158,南臺科技大學 - 幼兒保育系 正修科技大學 - 幼兒保育系 大仁科技大學 - 幼兒保育系 中華醫事科技大學 - 幼兒保育系 吳鳳科技大學 - 幼兒保育系 樹德科技大學 - 兒童與家庭服務系 樹德科技大學 - 兒童與家庭服務系 國立 東華 大學 - 幼兒 教育學系,國立高雄餐旅大學,https://www.nkuht.edu.tw/,第45名 2025年QS世界大學 餐 旅暨休閒學科全球排名 臺灣唯一 國際觀光與餐旅教育卓越中心THE-ICE認證 第1名 2025年104人力銀行大學品牌力遊憩運動學群國立技職大學排名 第1名,國立高雄餐旅大學 - nkuht.edu.tw,https://www.nkuht.edu.tw/app/home.php,第45名 2025年QS世界大學 餐 旅暨休閒學科全球排名 臺灣唯一 國際觀光與餐旅教育卓越中心THE-ICE認證 第1名 2025年104人力銀行大學品牌力遊憩運動學群國立技職大學排名 第1名
民生學院,餐旅管理系,餐旅管理系 薪水 Dcard,946,756.8,97,🏆 數據權威：展示全台排名與國考優勢,數據,#閒聊餐飲業的兩頭班讓我身心俱疲- 工作板| Dcard,https://www.dcard.tw/f/job/p/253025815,2023年8月21日 · 弘光科技大學餐旅管理系. 2. 餐旅系在學中. 現在是實習生. 在中南部. 月薪39500三個月調一次（一次兩千左右）. 月休9天以上（像下個月九月份休10天）. 不過 ...,餐飲業到底誰願意做？？ - 閒聊板 - Dcard,https://www.dcard.tw/f/talk/p/259115373,2025年6月18日 · 小女子之前都是在科技廠上班（做二休二），雖然也只是一個小小技術員，但其實如果穩定加班，一個月加個5天班，月休還有10天，薪水也可以領到40000～50000元， ...,#閒聊蓋個餐飲業薪資大樓- 工作板| Dcard,https://www.dcard.tw/f/job/p/259319301,2025年7月14日 · 想知道餐飲後來轉職做什麼？ ... 內場三年，月薪40K，年年換地方但待遇都差不多，已經有點懷疑人生了… ... 我內場做到第六年才破42k，但感覺還是看不到頭，好奇原PO ...
民生學院,食品營養系,中華醫事 食品營養系 評價,907,725.6,54,❤️ 暖心溝通：建立校系認同感,社群,#選校 食品營養系 中華醫事科技大學 新生 - 升大學考試板 | Dcard 食品營養系 - 中華醫事科技大學 中華醫事科技大學食品營養系－科系介紹、課程與相關科系－104升學就業... 中華醫事科技大學食品營養系 (科)介紹-TUN大學網 #問題 關於中華醫事科技大學營養系 | 課業板 | Meteor 學生社群 血淚分享 好心酸 - 中國醫藥大學板 | Dcard 中華醫事科技大學評價8大優點! 獨家資料! (2026年更新) - Clarisonic,https://www.dcard.tw/f/freshman/p/236282185,"想請問一下 中華 醫 事 科技大學的 食品 營養 系 ～我免試就錄取了 可是還在猶豫要不要去 因為上網查了很多資料 還是不太懂都在學些什麼😢還在猶豫要讀高中還是五專 想請問各位學長姐 對於這系有什麼想法 或者推薦？ 請問上課內容大概在學什麼？ 謝謝🙏 2023-09-13 112年第一學期經濟不利學生課業輔導申請開始，請於 9/25 (一) 前將申請表及10月11月12月印領清冊 (窗口教師及 系 主任簽章即可)送至教發中心 (A棟2樓 A206) 謝謝您協助與配合! 中華醫事 科技大學 食品營養系 的科系介紹，包含必選修的課程內容、相似科系以及他校同學類的科系。 TUN大學網-整理 中華 醫 事 科技大學 食品 營養 系 (科)系所簡介、系所特色、招生資訊、畢業出路、錄取分數、註冊率、考古題，讓大學生深入了解 食品 營養 系 (科)特色、必備核心能力、相關證照到未來發展，引領學生從申請、面試備審、畢業求職一路暢通！ Jun 27, 2019 · 課業板 { { articleMoment (createdAt) }} 想知道台南 中華 醫 事 的風 評 如何？ 它的 食品 營養 科好嗎？ 另外還想問問這方面相關科系的學長姐⋯ 大學的” 營養 系 ”、和五專的”營養科” 差別是在哪兒呢？ Mar 13, 2020 · 營養 系 畢業之後考到營養師之後大家都想去醫院，覺得比較可以發揮專業，但醫院只開3萬多塊還要考筆試跟面試，除了應屆畢業生還一堆2年以上甚至10年以上工作經驗的營養師學長姐跟你競爭，1個醫學中心的職缺營養師剛放榜時會高達10幾個人投履歷，不知道的 ... Feb 6, 2023 · 日前教育部公布一一0學年新生註冊率不足六成的學校，有一所是位於台北市的「 中華 科技大學」，部分民眾誤以為是位於台南市仁德區的「 中華 醫 事 科技大學」，打電話到學校關心，令校方困擾不已。",中華醫事科技大學食品營養系－科系介紹、課程與相關科系－104升學就業...,https://guide.104.com.tw/career/schoolMajor/5117000000/720501/introduction/,中華醫事 科技大學 食品營養系 的科系介紹，包含必選修的課程內容、相似科系以及他校同學類的科系。,食品營養系 - 中華醫事科技大學,https://fn.hwai.edu.tw/,2023-09-13 112年第一學期經濟不利學生課業輔導申請開始，請於 9/25 (一) 前將申請表及10月11月12月印領清冊 (窗口教師及 系 主任簽章即可)送至教發中心 (A棟2樓 A206) 謝謝您協助與配合!
民生學院,環境與安全衛生工程系,環境與安全衛生工程系 出路,893,714.4,87,✅ 資訊透明化：整理懶人包,資訊,#請益 請問環安衛科系畢業起薪和相關問題 - 工作板 | Dcard 環境工程學什麼? | 未來出路 轉學考學校 考科一次搞懂！ 環境與安全衛生工程系出路整理：工程新貴5大吃香出路！ 環境工程學什麼?環工出路有哪些?環工畢業出路一覽 - My Road！我的 … 環境工程學什麼?環工出路有哪些?環工畢業出路一覽 - My Road！我的 … 環境與安全衛生工程系出路整理：工程新貴5大吃香出路！ 國立雲林科技大學工程學院畢業出路 | TUN大學網,https://www.dcard.tw/f/job/p/252932896,"Aug 10, 2023 · 104升學就業地圖，了解畢業 出路 的第一選擇！ 提供大學科系及學群介紹、升學畢業 出路 、就業薪資與必備技能，還能看到大學學長姐的真心話唷！ 104升學就業地圖，讓你獲得最多元的大學科系資訊。 高中生快來探索生涯、了解科系吧！ Jul 3, 2025 · 你對「環工 系 」有點興趣，但又不太確定到底在學什麼、畢業後可以做什麼嗎？ 別擔心，我們幫你整理好啦！ 隨著氣候變遷加劇、各種污染問題層出不窮， 環境 保護不再只是口號，而是現在最火紅的「綠色產業」之一。 環境與安全衛生工程系是什麼? 環境與安全衛生工程系出路整理：工程新貴5大吃香出路！ 環境與安全衛生工程系出路整理：工程新貴5大吃香出路！ 隨著全球對環境保護與職場安全的重視，環境與安全衛生工程系出路成為許多學子關注的焦點。 這一領域不僅涵蓋了環境污染控制、職業安全衛生等專業知識，更與社會永續發展息息相關。 環境工程出路有哪些? 可見環境工程出路選擇相當多元，還有許多公部門相關環工出路。 環境工程證照有哪些？ 節能減碳、低碳城市以及綠色產業等議題是全球公認的未來發展趨勢，環境工程出路相關職責與這些議題息息相關，環境工程的重要性不可忽視。 環境工程系是什麼? 環境工程系包含環境生物科技領域、環境物理化學領域以及環境永續管理領域。 課程內容則包含：環境微生物、生物科技、物理化學、水及廢水處理、空氣汙染物的控制與去化、環境汙染物分析等等專業類科，課程內容皆符合國家考試科目並須實時關注國際議題。 環境工程出路之一─環境工程師，主要是利用環保科技，規劃設計各種工程方案，整治各類環境污染物，或是防範污染的發生。 環境工程系畢業後可從事環境工程技術、管理、規劃、教育及汙染防治等多面向的工作，也可任職於高科技產業、行政院環境保護署、各縣市環保局、各縣市水利局、各工程顧問公司、環境檢驗公司、大專校院教師、工業研究院等，或自行執業成為環工技師，環境工程出路相當廣泛。 環境與安全衛生工程系如何為石化產業永續發展提供關鍵支持? 石化產業 石化廠區常有易燃易爆物質，EHS工程師需評估風險、設計防護設備，確保生產安全和環境友善。 這正是環境與安全衛生工程系出路中備受矚目的領域之一，結合工程技術與環境保護，為產業永續發展提供關鍵支持。 國立雲林科技大學 工程 學院畢業 出路 列表：大學網統計各校系學生歷年的畢業工作，列舉出國立雲林科技大學工程學院學生最常應徵的工作職缺，讓大家能夠參考國立雲林科技大學工程學院畢業學長姐的求職經歷，規劃自己畢業後的職務發展計畫。",環境與安全衛生工程系出路整理：工程新貴5大吃香出路！,https://thxuexi.com/環境與安全衛生工程系出路/,"Feb 26, 2025 · 這一領域不僅涵蓋了環境污染控制、職業安全衛生等專業知識，更與社會永續發展息息相關。 本文將介紹該領域的5大熱門 出路 ，分析其工作內容與發展前景，為讀者提供清晰的職業規劃方向。",環境類/環工系出路分析，國考、研究所、就業，三個方向一次解析！,https://byone.tkb.com.tw/newExam/inside?str=F9A414CE1A45FCB602109847362A99AB,"Jan 1, 2025 · 環境 類相關公職、國營考試有許多類組可投入選考，以高普考及地方特考來說，就有四大類組：環境 工程 、環保技術、環保行政、環境檢驗，而國營事業在經濟部聯招、漢翔、台灣菸酒、港務公司等也有環境相關類組開缺，考生可依自身專長或擅長科目選擇報考 ..."
民生學院,職業安全衛生系,中華醫事 職業安全衛生系 評價,874,699.2,45,❤️ 暖心溝通：建立校系認同感,社群,五專 職業安全衛生系中華醫事和嘉藥該怎麼選擇 - 考試板 | Dcard 職業安全衛生系 (科)暨碩士班 - 中華醫事科技大學 想問一下職業安全衛生系 - 中華醫事科技大學板 | Dcard 中華醫事科技大學 職業安全衛生系 校友會 | Facebook 中華醫事科技大學職業安全衛生系碩士班的研究所升學比例、畢業出路與...,https://www.dcard.tw/f/exam/p/242558769,"Jun 15, 2023 · 職 安 系 的老師對學生都很照顧，在學期間，積極輔導學生考證照，系上也會聘請業界的名師來幫學生輔導乙級證照，全部都是免費的，還有本身就是證照技能檢定場所，原地上課、原地考試，加上老師熱心輔導考照，對於嘉藥 職 安 系 的學生來說是很有優勢的。 copyright@2019 中華 醫 事 科技大學 CHUNG HWA UNIVERSITY OF MEDICAL TECHNOLOGY 交通資訊 : 71703台南市仁德區文華一街89號 總機:06-2674567轉800或801分機 版權所有 | 製作維護: 職業 安全 衛生 系 Jul 5, 2023 · 想問一下 職業 安全 衛生 系 中華 醫 事 科技大學 2023 年 7 月 5 日 05:06 (已編輯) 如題，朋友有報名職安系二技，但是備取十幾名左右，這樣有機會嗎🥹 或者有人知道歷年職安系二技備取到多少嗎🙀 害預防 安全衛生 措施對國內事業單位愈來愈重要。 本公 司針對國內從事勞工身心健康臨場服務工作者包含人資 、勞安、職安、環安、公衛、 醫 管、管理、醫師、護理 師、臨床心理師、諮商心理師、職能治療師、物理治療 104升學就業地圖整理了 中華醫事 科技大學 職業安全衛生系 碩士班的畢業出路，包含就業薪資與升學念研究所的國家。",想問一下職業安全衛生系 - 中華醫事科技大學板 | Dcard 中華醫事科技大學 職業安全衛生系 校友會 | Facebook 中華醫事科技大學職業安全衛生系碩士班的研究所升學比例、畢業出路與...,https://www.dcard.tw/f/hwai/p/242736036,"Jul 5, 2023 · 想問一下 職業 安全 衛生 系 中華 醫 事 科技大學 2023 年 7 月 5 日 05:06 (已編輯) 如題，朋友有報名職安系二技，但是備取十幾名左右，這樣有機會嗎🥹 或者有人知道歷年職安系二技備取到多少嗎🙀 害預防 安全衛生 措施對國內事業單位愈來愈重要。 本公 司針對國內從事勞工身心健康臨場服務工作者包含人資 、勞安、職安、環安、公衛、 醫 管、管理、醫師、護理 師、臨床心理師、諮商心理師、職能治療師、物理治療 104升學就業地圖整理了 中華醫事 科技大學 職業安全衛生系 碩士班的畢業出路，包含就業薪資與升學念研究所的國家。",中華醫事科技大學職業安全衛生系碩士班的研究所升學比例、畢業出路與...,https://guide.104.com.tw/career/schoolMajor/graduate/5117000000/720209/?exp=1,104升學就業地圖整理了 中華醫事 科技大學 職業安全衛生系 碩士班的畢業出路，包含就業薪資與升學念研究所的國家。
民生學院,運動健康與休閒系,運動健康與休閒系 出路,666,532.8,88,✅ 資訊透明化：整理懶人包,資訊,學生畢業出路 - 運動健康與休閒系- 建國科技大學,https://khls.ctu.edu.tw/p/412-1033-727.php?Lang=zh-tw,建國科技大學- 運動健康與休閒系. Menu. Menu. 回首頁 · 學校首頁 · English · 網站管理 ... 學生畢業出路. 學生畢業出路. 1休間活動行銷專員. 2.休閒活動企劃専員. 3.休閒 ...,國立高雄大學運動健康與休閒學系的研究所升學比例 - 104職涯導航,https://guide.104.com.tw/career/schoolMajor/5017000000/810502/,學長姐都在哪些產業 · 運動服務業 · 餐館業 · 旅館業 · 其他醫療保健服務業 · 其他相關製造業 · 其他營造業 · 旅遊服務業 · 醫療器材製造業.,畢業出路 - 運動健康與休閒學系- 國立高雄大學,https://dkhl.nuk.edu.tw/p/412-1043-2949.php?Lang=zh-tw,體適能指導員 · 運動防護員 · 健身教練 · 運動健康指導與規劃 · 體育行政. 休閒健康相關產業. 導覽解說與領隊導遊; 活動規劃; 休閒產業 ...
民生學院,職業安全衛生系,中國醫藥大學 職業安全衛生系 職業安全衛生系 比較,664,531.2,96,⚔️ 全國戰役：製作【本校 vs 全台名校】優勢對照表,全台比拼,2025私 醫 聯招簡章下載、報名時間、考試日期、報考資格一篇掌握,https://longmentransfer.blogspot.com/2019/10/private-medicine-transfertest.html,私 醫 聯招是由6所私立 醫 藥 大 學 （ 中 山 醫 學 大 學 、 中 國 醫 藥 大 學 、長庚 大 學 、高雄 醫 學 大 學 、慈濟 大 學 、台北 醫 學 大 學 ）聯合招 生 。,"Standard Institution, BSI) 」根據「 AA1000...",https://www.fpg.com.tw/uploads/images/南亞公司2019CSR報告書(中文版).pdf,空氣污染物管理 職 業 健康與 安 全 工 業 與公共 安 全 . 本公司為確保工作環境 安 全 要求承攬商需遵照 職 業 安 全 衛 生 相關法令設置 安 全 衛 生 管理人員承攬商員工於入廠前 皆須通過 安 全 衛 生 教育、危害辨識.,國 家 職 業 安 全 衛 生 獎 頒獎 - 生 活 - 中 時 | 中 時新聞網,https://www.chinatimes.com/realtimenews/20141227003349-260405,另外，在「個人奉獻特別獎」部分，台灣 大 學 職 業 醫 學 與工 業 衛 生 研究所教授郭育良長期協助政府建構 職 業 傷病診治網絡， 中 華民 國 工 業 安 全 衛 生 協會呂繼. 增投注心力在 職 業 安 全 衛 生 長達40餘年，對 國 家社會貢獻卓著。
民生學院,運動健康與休閒系,弘光科大 運動健康與休閒系 運動健康與休閒系 比較,644,515.2,95,⚔️ 全國戰役：製作【本校 vs 全台名校】優勢對照表,全台比拼,應該去什麼社團啊~好猶豫 - 弘光科技大學板 | Dcard,https://www.dcard.tw/f/hk/p/236967129,"有人可以提供這三個社團的相關資訊嗎？我個人是運動休閒系的學生，自身認為健身指導社，對於未來的出入，會有較高的提升，聽說在裡面，也可以學到健身相關的健康飲食系統，我對這些都算還蠻有興趣的，並且自身也有在 - 社團,弘光科大,新生季,弘光,弘光科技大學",弘光科技大學運動休閒系－科系介紹、課程與相關科系－104升學就業地圖,https://guide.104.com.tw/career/schoolMajor/5090000000/810502/introduction/,弘光科技大學運動休閒系的科系介紹，包含必選修的課程內容、相似科系以及他校同學類的科系。,弘光科技大學運動休閒系介紹-tun大學網,https://university.1111.com.tw/company.asp?sid=132&codeNo=1000790107,沿革與現況 運動休閒系以「旅遊全球，健康全有」為宗旨 依此規劃「休閒遊憩服務」與「運動保健指導」等兩項模組，並以下為教育目標： 1.培育人文素養與社會關懷之倫理態度。 2.培育具保健知能之運動指導專業人才。 3.培育具旅遊知能之休閒遊憩專業人才。
民生學院,幼兒保育系,幼兒保育系 薪水 Dcard,638,510.4,91,🏆 數據權威：展示全台排名與國考優勢,數據,一起說幼 - #幼教老師憑什麼領那麼高的薪水 前陣子在Dcard上出現了這麼一則貼文，底下的留言非常有趣：... | Facebook,https://www.facebook.com/story.php/?story_fbid=179586773802242&id=100064013383394,"一起說幼's post 一起說幼 Oct 16, 2020 #幼教老師憑什麼領那麼高的薪水前陣子在 Dcard 上出現了這麼一則貼文，底下的留言非 常有趣： 有人傻眼幼教老師哪裡高薪，有人認同幼師確實常被視 為教育界的低等生物； 有人理性分析每個學習階段所需的教師專業不同但都一 樣重要，也有許多路人及家長 ...",幼兒保育系 - Department of Child Care and Education,https://cce.hk.edu.tw/,最新消息 弘光科技大學幼兒保育系 2026年兒童編髮創意show 114學年度海外實習甄選面試通知 114學年幼保系學生專題研究口頭發表說明以及專題格式 114托育人員證照輔導班-學員錄取名單 【施工公告】L棟生活應用大樓電梯 L-2 車廂貼模更新作業,一起說幼 - #幼教老師憑什麼領那麼高的薪水 前陣子在Dcard上出現了這麼一則貼文，底下的留言非常有趣：...,https://www.facebook.com/permalink.php/?story_fbid=179586773802242&id=108518844242369,#幼教老師憑什麼領那麼高的薪水 前陣子在 Dcard 上出現了這麼一則貼文，底下的留言非常有趣： 有人傻眼幼教老師哪裡高薪，有人認同幼師確實常被視為教育界的低等生物； 有人理性分析每個學習階段所需的教師專業不同但都一樣重要，也有許多路人及家長同理幼兒教育的困難與艱辛⋯⋯ 甚至有 ...
民生學院,餐旅管理系,餐旅管理系 出路,631,504.8,88,✅ 資訊透明化：整理懶人包,資訊,【觀 餐 系 畢業 出 路 大解密！】 學長姐經驗分享篇EP4 陳言宣學姐...,https://www.youtube.com/watch?v=qZfdKHIV4gM,,中華大學 餐 旅 管 理 學 系 宋美齡 | IOH 開放個人經驗平台,https://ioh.tw/talks/中華大學餐旅管理學系-宋美齡-jasmine-sung-tw-study-chu-bde,在中華大學 餐 旅 管 理 學 系 找到熱情. 起初雖然是 出 於父母的期盼而選擇中華大學 餐 旅 管 理 學 系 ，宋美齡不曾停下探索自身興趣的腳步，除了認真於 系 上課程的學習，她更積極考取 餐 旅 服務.中華大學 餐 旅 管 理 學 系 簡介.,飯店/ 旅 館 管 理 比較推薦哪間私立科大,https://mauric32.pixnet.net/blog/posts/9406225528,103學年度科技校院四年制及專科學校二年制日間部聯合登記分發: 餐 旅 群:( 旅 館/會展 系 )成績沒有很好 太高分:選擇中等以下:(如下虛線). 國立高雄 餐 旅 大學 餐 旅 暨會展行銷 管 理 系 =598. 國立高雄 餐 旅 大學 旅 館 管 理 系 =596.
民生學院,運動健康與休閒系,運動健康與休閒系 薪水 Dcard,606,484.8,90,🏆 數據權威：展示全台排名與國考優勢,數據,#問題 健身教練薪水不低於5萬？ - 健身板 | Dcard 運動休閒及休閒管理學類-大學畢業生薪水收入、出路調查就在薪資公秤 #問題 健身教練薪水都多少 - 健身板 | Dcard 不同工作薪水討論（平均值） - 工作板 | Dcard 薪水的最新討論 | Dcard 運動科技學類-大學畢業生薪水收入、出路調查就在薪資公秤,https://www.dcard.tw/f/fitness/p/245588806,"Jul 19, 2023 · 通常都要做個一年以上 薪水 才會比較固定，但重點還是要不斷開發。 還有教練基本上是沒有年終獎金的哦！ 有些健身房銷售獎金跟上課獎金都是分開算的，階級也會有所不同，每一個級距的%數也不同。 註1：各學歷之薪資為日間學制，不包含夜間部、進修班、在職專班 註2：資料來源為 政府開放資料平台《發布本部分析後畢業生畢業後第三年之就業概況》 註3：資料來源以會員履歷工作待遇欄位計算平均月薪資，但績效獎金、與其他津貼則不列入其中 Oct 29, 2025 · 最近越來越多社區型健身房開幕，讓人不禁好奇健身教練真的有這麼多需求嗎，那健身教練一般的收入是多少，有辦法到月收六位數媽，（買課很貴 但聽說很多成都被抽走），有沒有真正知道這行的來個分享 - 健身教練, 薪水 May 2, 2022 · 一、工程師，1.聯發科：200～350，2.聯詠：200～400，3.台積電：150～250，4.設備外商：130～180，5.台塑、傳產：50～140，6.作業員：40～75，二、醫療，1.牙醫：3 - 薪水 ,討論,工作,應屆畢業生, 薪 資 #徵才 認真想問 薪水 多少及讓你願意留在公司的原因是什麼？ 想知道大家認為 薪水 多少是你願意投入的？ 你會衡量自己能力是否能領高薪嗎？ 那一間公司會讓你想要待下去的理由會是什麼？ 大學生畢業出入 薪水 調查提供您運動科技學類學生畢業後三年平均收入數據。運動科技學類包括運動健康科學系、運動與健康促進學系、體育與運動科學系。運動科技學類學生畢業後主要從事運動教練、休閒娛樂事業從業人員、游泳教練、國小教師、國中教師、舞蹈健身老師等職業。",#問題 健身教練薪水都多少 - 健身板 | Dcard,https://www.dcard.tw/f/fitness/p/260144338,"Oct 29, 2025 · 最近越來越多社區型健身房開幕，讓人不禁好奇健身教練真的有這麼多需求嗎，那健身教練一般的收入是多少，有辦法到月收六位數媽，（買課很貴 但聽說很多成都被抽走），有沒有真正知道這行的來個分享 - 健身教練, 薪水",不同工作薪水討論（平均值） - 工作板 | Dcard 薪水的最新討論 | Dcard 運動科技學類-大學畢業生薪水收入、出路調查就在薪資公秤,https://www.dcard.tw/f/job/p/238772706,"May 2, 2022 · 一、工程師，1.聯發科：200～350，2.聯詠：200～400，3.台積電：150～250，4.設備外商：130～180，5.台塑、傳產：50～140，6.作業員：40～75，二、醫療，1.牙醫：3 - 薪水 ,討論,工作,應屆畢業生, 薪 資 #徵才 認真想問 薪水 多少及讓你願意留在公司的原因是什麼？ 想知道大家認為 薪水 多少是你願意投入的？ 你會衡量自己能力是否能領高薪嗎？ 那一間公司會讓你想要待下去的理由會是什麼？ 大學生畢業出入 薪水 調查提供您運動科技學類學生畢業後三年平均收入數據。運動科技學類包括運動健康科學系、運動與健康促進學系、體育與運動科學系。運動科技學類學生畢業後主要從事運動教練、休閒娛樂事業從業人員、游泳教練、國小教師、國中教師、舞蹈健身老師等職業。"
民生學院,幼兒保育系,崑山科大 幼兒保育系 幼兒保育系 比較,544,435.2,99,⚔️ 全國戰役：製作【本校 vs 全台名校】優勢對照表,全台比拼,112年 崑 山 幼 保 好，好在哪裡 ｜ 崑 山 科 技 大 學 幼 兒 保 育 系,https://www.youtube.com/watch?v=ZmCY1N9Mch4,,【我是 幼 保 人】 幼 保 科 / 系 到底在幹嘛Ｑ＆Ａ,https://pig3558408.pixnet.net/blog/posts/17273729840,Q4：讀 幼 保 畢業後到底可以做什麼？ A4： 大 多數人對 幼 保 的印象就是當 幼 兒 園老師、 保 母、托嬰中心 保 育 人員，但其實 幼 保 的出路非常廣！,最有心的校慶 崑 山 科 大 55周年校慶捨活動改捐防疫物資抗疫 - 生活 - 中時,https://www.chinatimes.com/realtimenews/20200505004620-260405,（ 崑 山 科 大 提供／曹婷婷台南傳真）. 崑 大 李天祥校長(中)代表捐贈防疫物資予受贈單位。 （ 崑 山 科 大 提供／曹婷婷台南傳真）.
民生學院,幼兒保育系,中華醫事 幼兒保育系 評價,520,416.0,46,❤️ 暖心溝通：建立校系認同感,社群,中華醫事科技大學幼兒保育系－心得評價－大學科系真心話－104升學就業...,https://guide.104.com.tw/career/schoolMajor/5117000000/760401/comment/,國立屏東科技大學 幼兒 保育 系 1 位學長姐發表了就讀心得 南亞技術學院 幼兒 保育 系 1 位學長姐發表了就讀心得 臺北市立大學 幼兒教育學系 1 位學長姐發表了就讀心得 德育護理健康學院 幼兒 保育 系 2 位學長姐發表了就讀心得 南臺科技大學 高齡福祉服務系,中華醫事科技大學幼兒保育系 (科)介紹-TUN大學網,https://university.1111.com.tw/company.asp?sid=75&pgtp=4&codeNo=1001000107,本 系 在99學年度科技大學綜合評鑑榮獲專業類 系 所一等佳績，101學年度改名科大第二次訪視及104學年度科技校院評鑑通過，並於106學年度進行自我評鑑，109學年經社團法人台灣評鑑協會「大專校院教學品保服務計畫」評鑑通過。,老師評價 - 中華醫事科技大學板 | Dcard,https://www.dcard.tw/f/hwai/p/230569907,心情 1 ・ 留言 1 二宿10B05 心情 2 ・ 留言 1 傳接球 心情 7 ・ 留言 15 學校全家有這次原神連動嗎 心情 1 ・ 留言 30 全家商場折扣卷 心情 2 ・ 留言 16 去看看 中華 醫 事 科技大學板的文章
民生學院,食品營養系,嘉南藥理大學 食營系 食品營養系 比較,506,404.8,94,⚔️ 全國戰役：製作【本校 vs 全台名校】優勢對照表,全台比拼,嘉南藥理大學 保健營養系,https://nutrition.cnu.edu.tw/,"Feb 17, 2025 · 精選消息 【招生】115學年度 保健 營養 系 （含碩士班）各入學管道、群類別與名額 2025Sep.15 【招生】115學年度 保健 營養 系 （含碩士班）各入學管道、群類別與名額 精選消息",保健營養系 - 嘉南藥理大學板 | Dcard 課程規劃 - 嘉南藥理大學 保健營養系 嘉南藥理大學 | CNU | 學術單位 | 藥理學院 | 保健營養系 (含碩士班) 嘉南藥理大學保健營養系（暨研究所）介紹-TUN大學網 嘉南藥理大學 藥理學院 嘉南藥理大學 保健營養系 - nutrition.cnu.edu.tw,https://www.dcard.tw/f/cnu/p/236677374,"Aug 9, 2021 · ⭐️成績維持在75以上，能的話最好是80以上，成績維持在前面對於實習比較有幫助。 ⭐️ 營養 師的投資報酬率很低，除非對營養抱持很大的熱忱，不然建議在學期間思考一下第二專長或是或是走醫院以外的部分。 ⭐️英文建議保持基本水平。 配合本 系 特色，開設營養教育、肥胖與體重控制、營養評估實作、健康促進活動、營養講座、食品安全管制系統、雲端 營養 諮詢、保健食品概論等相關課程，以加強學生在營養專業服務執行、研究及應用的知能。 嘉 南 藥 理 大學 (Chia Nan University of Pharmacy ＆ Science)，簡稱嘉藥，於民國53年由創辦人結合醫藥界與教育界所籌創。 嘉藥的校訓為「真實」二字，為培育從事醫藥、衛生、保健、環境、休閒及管理等專業人才。 目前包含日間部四技、碩士班與進修部四技、二技等學制。 本 系 歷經94、99、104學年度科技 大學 評鑑，在全校的支持及全 系 師生的努力下，榮獲教育部科技 大學 評鑑一等之殊榮，並於108學年度榮獲教育部大專院校教學品保服務認證。 配合 營養 師專技高考規範，培養營養專業人才。 為達到技職教育精神--做中學，以及與產業接軌，本系亦遴聘具有實務經驗之產業界人才到校傳授實務專業。 配合社區國小服務學習活動、醫院或廠商校外實習活動，強化學生之理論與實務的結合及運用。 嘉 南 藥 理 大學 保健 營養 系 (以下簡稱本系)於民國87年成立，以營養科學為課程及各項專業學程之教學規畫基礎，配合國家及健康產業發展需求，培育營養保健專業人才。 目前包含日間部四技、碩士班與進修部四技、二技等學制。",課程規劃 - 嘉南藥理大學 保健營養系,https://nutrition.cnu.edu.tw/?.p=Hjoj,配合本 系 特色，開設營養教育、肥胖與體重控制、營養評估實作、健康促進活動、營養講座、食品安全管制系統、雲端 營養 諮詢、保健食品概論等相關課程，以加強學生在營養專業服務執行、研究及應用的知能。
民生學院,職業安全衛生系,職業安全衛生系 薪水 Dcard,486,388.8,94,🏆 數據權威：展示全台排名與國考優勢,數據,[討論] Dcard- 年薪不唬爛公開區 (非科技業) - 看板 Tech_Job - 批踢踢實業坊,https://www.ptt.cc/bbs/Tech_Job/M.1720200789.A.343.html,討論 Dcard 年薪不唬爛公開區，分享不同產業與職稱的年薪資訊，揭示非科技業的薪資透明度。,#問 職業安全衛生人員 - 工作板 | Dcard,https://www.dcard.tw/f/job/p/240445466,感覺沒有什麼職安人來回，我來回一下； 1. 肯定是的，碩士和學士起薪可以差七千，要念碩士就洗個台陽明交或成大，現在少子化已經很考了；建議除了碩士外，還要加強英文，要好薪水除了去台積鴻海外，再來就是外商了，所以英文很重要，很多sds會以原文呈現，至少要會讀 2. 我有學姊就是去 ...,#請益 請問環安衛科系畢業起薪和相關問題 - 工作板 | Dcard,https://www.dcard.tw/f/job/p/252932896,請問如果是我這間學校環安系大學畢業起薪大概多少？ 目前我只有大學學歷，但是有甲級廢水處理專責人員這張證照， 沒有甲安、甲衛，也沒有乙勞，這樣的條件薪水大概落在哪裡？ 如果以後考到甲安、甲衛或是乙勞薪水可以提升多少？ 另外如果是桃園的話薪水大概落在哪裡？因為我看北部跟 ...
民生學院,職業安全衛生系,中山醫學大學 職業安全衛生系 職業安全衛生系 比較,474,379.2,100,⚔️ 全國戰役：製作【本校 vs 全台名校】優勢對照表,全台比拼,中山醫職安系在幹嘛 - 中山醫學大學板 | Dcard 中山醫學大學職業安全衛生學系－科系介紹、課程與相關科系－104升學就... 中山醫學大學職業安全衛生學系 - ColleGo 中山醫學大學職業安全衛生學系（暨研究所）介紹-TUN大學網 中山醫學大學 職業安全衛生學系 | 大學問 - 升大學 找大學問 系所簡介 - csmu.edu.tw,https://www.dcard.tw/f/csmu/p/234190096,"Aug 8, 2020 · 看到之前有人有問過 職 安 系 在幹嘛,也看到系上學弟妹跟別系在互戰，還有醫學 系 的同學說 職 安 系 沒什麼用,其實隔行如隔山不瞭解是很正常啦，只是沒有必要必要惡言相向以和為貴。 今天心血來潮打一些 職 安 系 未來出路及以前的經驗供系上或外系的學弟妹參考。 學系 地址 40201臺中市南區建國北路1段110號 相關連結 科系官網 ColleGo 大學問 本系研究領域包含危害因子測定分析技術、預防醫學技術開發及控制工程與管理技術研發，研究成績優異、協助產業界輔導，大學部排名位居相關學系的領先地位，畢業生升學管道暢通。 職業 安全 衛生 學系 是以物理、化學、生物為基礎，研究職場環境中可能產生的物理性、化學性、生物性等危害因子的測定技術；並結合毒理學、生物偵測、化學品本質危害及流行病學，開發預防職災發生的專業技術，並以人因工程、環境工程及機械工程等控制 ... 本 系 教師結合環境衛生、 職業 醫學 與工業衛生、化學、環境醫學、毒理學、環境工程、工業管理、機械工程等多元領域之專長，指導碩士班與大學部學生，共同致力於探討職業環境中之危害因子、勞工暴露、健康風險與開發控制技術。 中山 醫學 大學 職業 安全 衛生 學系 特色簡介：重視學生基礎、通識、組織分析及安全衛生專業核心價值與專業能力之培養，3年級即能考勞工安全衛生管理員證照，畢業可考管理師、工安或工礦衛生技師以及經高普考擔任公職等，亦能依照其生涯規劃選擇進修管道 ... 系 所沿革 本 學系 創立於民國92年，以培育 職業 安全 衛生 專業技術與管理人才為目標，進而達到保護勞工健康安全、確保優良的工作環境、提升產業競爭力及創造永續經營的利基為宗旨。",中山醫學大學職業安全衛生學系－科系介紹、課程與相關科系－104升學就...,https://guide.104.com.tw/career/schoolMajor/5085000000/720209/introduction/,學系 地址 40201臺中市南區建國北路1段110號 相關連結 科系官網 ColleGo 大學問 本系研究領域包含危害因子測定分析技術、預防醫學技術開發及控制工程與管理技術研發，研究成績優異、協助產業界輔導，大學部排名位居相關學系的領先地位，畢業生升學管道暢通。,中山醫學大學職業安全衛生學系 - ColleGo,https://collego.edu.tw/Highschool/DepartmentIntro?dept_id=026012,職業 安全 衛生 學系 是以物理、化學、生物為基礎，研究職場環境中可能產生的物理性、化學性、生物性等危害因子的測定技術；並結合毒理學、生物偵測、化學品本質危害及流行病學，開發預防職災發生的專業技術，並以人因工程、環境工程及機械工程等控制 ...
民生學院,食品營養系,食品營養系 排名,464,371.2,75,⚔️ 全國戰役：製作【本校 vs 全台名校】優勢對照表,全台比拼,選才育才輔助系統-學系比較 - ColleGo!,"https://collego.edu.tw/Highschool/DepartmentCompare?ids=050001,012008",本系為培育營養師的搖籃，國考及格率排名數一數二，也是國內唯一加入中醫藥 ... 大家常誤把食品營養系和餐飲管理系混淆，以為本系學生是在學做菜。其實我們是一個 ...,醫藥衛生學群｜ 食品營養保健學類一般大學 - 大學問,https://www.unews.com.tw/Search/Group?type=1,"醫藥衛生學群 ｜ 食品營養保健學類 一般大學 ; 臺北醫學大學 · 食品安全學系, 97.14% ; 輔仁大學 · 營養科學系, 100.00% ; 長榮大學 · 保健營養學系, 86.67% ; 長榮大學 · 食品 ...",#發問營養系大學排名推薦- 問答板| Dcard,https://www.dcard.tw/f/ask/p/235216019,2021年1月22日 · 大家好，想問如果要讀營養相關科系的夜間二技有推薦的排名嗎？因為要邊打工邊念，目前已經有大學畢業證書了（餐旅管理系），但想考營養師，謝謝大家- 大學 ...
民生學院,消防安全學士學位學程,消防安全學士學位學程 出路,455,364.0,85,✅ 資訊透明化：整理懶人包,資訊,消 防 - YouTube,https://www.youtube.com/playlist?list=PL9DxwXyssZt30QFaSNlEq4cMkc_a38PK9,大葉大 學 消 防 安 全 學 士 學 位 學 程 .,PLG 3rd meeting 170306_Chi_-gist,https://www.hkfsd.gov.hk/chi/source/notices/notes_of_plg_meeting/12th/plg_12th_03.pdf,5. 消 防 處的服務承諾. 5.1. 應一小組成員在上次會議要求 消 防 處準備了本年一月及二月以兩小時 為 單 位 的 召 達 時 間 表 現 的 投 影 片。,legco.gov.hk/yr11-12/chinese/counmtg/hansard/cm0111-translate-c.pdf,https://www.legco.gov.hk/yr11-12/chinese/counmtg/hansard/cm0111-translate-c.pdf,我認為如果政府不加強打擊這類短租單 位 一定會影響樓宇的 消 防 安 全 和 結 構。我們亦很關注我們亦向城大反映大家看到的問題。 最重要的 是我們希望確保現時就讀 學 生的銜接 出 路 。 一如我剛才所說我們.
民生學院,食品營養系,食品營養系 薪水 Dcard,437,349.6,100,🏆 數據權威：展示全台排名與國考優勢,數據,#工作心得關於營養師- 工作板| Dcard,https://www.dcard.tw/f/job/p/258274092,2025年3月15日 · 收入的部份也稍微描述一下，個人的小小觀察是，營養師北部的薪資跟中南部薪資差非常多！ 北部有滿多光是醫院營養師就破4的，甚至團膳營養師也可以破4，保健食 ...,想問營養系值不值得讀？ - 升大學考試板 - Dcard,https://www.dcard.tw/f/freshman/p/241333992,2023年2月25日 · 本人目前高三，對營養系蠻有興趣的，但聽一些人講之後出來工作，工作沒有很多元，薪水起薪大概三萬，而且做久了薪水也還是不高，就是想知道營養系目前的趨勢 ...,#閒聊營養師薪水28590 - 工作板| Dcard,https://www.dcard.tw/f/job/p/260400963,"沒看錯就是28590，除了營養師證照還有加其他額外的證書HACCP只有28590 ，應該是醫事人員裡最慘的了- 營養師,工作,薪資."
民生學院,消防安全學士學位學程,中國醫藥大學 消防安全學士學位學程 消防安全學士學位學程 比較,432,345.6,98,⚔️ 全國戰役：製作【本校 vs 全台名校】優勢對照表,全台比拼,大葉大學消防安全學士學位學程的研究所升學比例 - 104職涯導航,https://guide.104.com.tw/career/schoolMajor/5068000000/860114/,104升學就業地圖整理了大葉大學消防安全學士學位學程的畢業出路，包含就業薪資與升學念研究所的國家。,中國醫藥大學公共衛生學院大一不分系介紹,https://university.1111.com.tw/company.asp?sid=147,就業：至公私立衛生及環保機構、研究或教育單位、統計諮詢人員、生科、保險公司從事相關專業工作或參加公職(包括高普考及地方特考)考試。 證照考試：公共衛生師立法中，但畢業 ...,選才育才輔助系統-學系比較 - ColleGo!,"https://collego.edu.tw/Highschool/DepartmentCompare?ids=051053,006016",與相關科系之異同. 本校消防安全學士學位學程，除了設計相關消防設備師、士等，以及消防警察特考之相關課程外，更著重於工業安全，如火災爆炸等相關議題之災害預防、應變與搶救 ...
民生學院,環境與安全衛生工程系,中華醫事 環境與安全衛生工程系 評價,428,342.4,52,❤️ 暖心溝通：建立校系認同感,社群,中華醫事科技大學 :: 私立大學五星教授網,https://privateuniv.knowhou.com/info/2528463,環境與安全衛生工程系 | 私立大學五星教授網 招生特色; 關於 系 所. 系 所簡介 · 教學設施 · 師資陣容 · 系 主任 · 教授 · 副教授 · 助理教授 · 講師 · 學制 與 課程 · 課程計畫 · 課程地圖. 規章辦法-實習-證照輔導. 中華醫事 科技大學 | 私立大學五星教授網 為因應社會趨勢，本校結合 環境 及 安全 工程 ...,中華醫事科技大學環境與安全衛生工程系－心得評價－大學科系真心話－1...,https://guide.104.com.tw/career/schoolMajor/5117000000/520905/comment/,1 位學長姐發表了就讀心得 國立勤益科技大學 機械工程 系 4 位學長姐發表了就讀心得 國立勤益科技大學 工業工程 與 管理 系 10 位學長姐發表了就讀心得 南臺科技大學 機械工程 系 國立高雄科技大學 輪機工程 系 11 位學長姐發表了就讀心得 國立臺灣科技大學 機械 ...,環境與安全衛生工程系 - 中華醫事科技大學,https://she.hwai.edu.tw/,2026-01-26 中華 醫 大環安 系 學生證照、實習、升學、就業一把罩！ 2026-01-20 🎉🎉🎉賀! 四環安四A 吳蓮庭同學 (文山高中校友) 錄取國立高雄科技大學 環境 與 安全 衛生 工程系 碩士班!
民生學院,食品營養系,屏東科大 食營系 食品營養系 比較,394,315.2,96,⚔️ 全國戰役：製作【本校 vs 全台名校】優勢對照表,全台比拼,宜蘭 大 學 食 品 科 學 系 范庭瑜 | IOH 開放個人經驗平台,https://ioh.tw/talks/宜大食科系-范庭瑜-tw-study-niu-bde,食 品 科 學 系 、 營 養 系 、餐飲 系 比 較 . 「 食 品 科 學 系 和 營 養 系 、餐飲 系 有什麼差別？,哪幾所 大 學有 食 品 營 養 系 呢-－日本 大 學推薦｜痞客邦,https://h59nz19l.pixnet.net/blog/post/239949311,14:15:45 補充： 就連 科 大 也都沒有國立的 營 養 系 嗎? 國立 科 大 有 食 品 『 科 學』 系 國立 屏 東 科 技 大 學 食 品 科 學 系 國立宜蘭 大 學 食 品 科 學 系 (有在四技二專統測招. 生) 國立高雄海洋 科 技 大 學水產 食 品 科 學 系 國立澎湖 科 技 大 學 食 品 科 學 系 加油.,提升你的抗氧化力 越吃越年輕 - Donna陳怡錞｜治本保健 營 養 專家,https://donnadiet.com/archives/3518,Donna的專長：健康管理課程講授、 營 養 講師培訓、治本保健 營 養 方案、功能醫學 營 養 、疾病 營 養 調理、保健 食 品 研發、保健 食 品 行銷、健康減重。
民生學院,幼兒保育系,幼兒保育系 出路,393,314.4,86,✅ 資訊透明化：整理懶人包,資訊,深入探索：幼兒保育系是什麼？專業與未來職涯解析 - 財經萬事通,https://financial-express.cc/深入探索：幼兒保育系是什麼？專業與未來職涯解/,幼兒保育系是什麼？這是一個專為培育心靈花朵而設的領域，以深入了解幼兒的成長需求和心理發展為核心。隨著社會對於早期教育的重視，幼兒保育系不僅是一條職業道路，更是探索孩子們無限潛能的旅程。在這篇文章中，我們將揭開這個神秘世界的面紗，了解其課程、職業發展及其對社會的影響 ...,畢業出路 - 幼兒保育系 - Npust,https://dcc.npust.edu.tw/prospect/,08-7703202 ＃7300、7307 babychild@mail.npust.edu.tw Quick Link 系所資訊 系所成員 課程規劃 活動剪影 校外實習 學生會 圖書館 學務處 教務處 總務處 屏科校網 屏科臉書 屏科南風 新生專區 選課系統 數位學習平台 幼保系網站 幼保系臉書 幼保系系學會IG 幼保系友會 校園Portal,幼兒保育科出路有哪些？必備幼保系證照有哪些？出路方向一次總整理 - My Road!我的職場脈絡,https://www.myroad.com.tw/discipline-cluster/教育學群-1843/,本文除了分析幼保出路外，還要比較五專幼保科出路跟四技或二技幼保科出路差異，同時分享幼教碩士出路還有哪些更為高薪的行業選擇! 1.幼保系學什麼？ 2.幼保科系證照有哪些 3.幼保科出路薪水有多少 4.適合幼教系出路工作有哪些
民生學院,食品營養系,實踐大學 食營系 食品營養系 比較,376,300.8,100,⚔️ 全國戰役：製作【本校 vs 全台名校】優勢對照表,全台比拼,聰明吃保健 食 品 | 康健雜誌,https://campaign.commonhealth.com.tw/main/allergy-148,至於一般人不需要天天補充，「偶爾身體虛弱時再吃，」 實 踐 大 學 食 品 營 養 與保健生技 學 系 主任黃惠宇建議。 維生素B、C、綜合維生素、魚油 較 安全.,nanobiolight.com/blogs/光茵小 學 堂/146502,https://www.nanobiolight.com/blogs/光茵小學堂/146502,若能搭配 營 養 師所推薦的健康早餐菜單 食 用，相信可以讓你在忙碌的生活中，也能享用到 營 養 均衡的健康早餐。 早餐推薦吃什麼 比 較 健康？ 營 養 師教你怎麼吃，跟著菜單吃準沒錯！ 營 養 師劉宇真. 期許用專業，守護每個人的健康. 台北醫 學 大 學 保健 營 養 學 系 碩士.,孕婦保健 食 品 怎麼吃？ 營 養 師說明3階段孕婦保健 品 食 用順序,https://www.dietician.com.tw/knowledge/item/1116.html,懷孕初期吃什麼保健 食 品 好？ 孕期3階段孕婦保健 食 品 順序分享. 懷孕中期飲 食 營 養 注意事項. 懷孕後期飲 食 營 養 注意事項.
民生學院,消防安全學士學位學程,弘光科大 消防安全學士學位學程 消防安全學士學位學程 比較,322,257.6,95,⚔️ 全國戰役：製作【本校 vs 全台名校】優勢對照表,全台比拼,TAJEN - 消防安全學士學位學程,https://u04.tajen.edu.tw/,賀!!!日間部 陳彥儒同學 考取114年専門職業及技術人員考試- 消防 設備 士 (全國第26名) 賀!!!學分班 曾炳文同學 考取113年専門職業及技術人員考試- 消防 設備士 賀!!!學分班 李信動同學 考取113年専門職業及技術人員考試- 消防 設備士,消防安全學士學位學程 - u04.tajen.edu.tw,http://u04.tajen.edu.tw/?Lang=zh-tw,賀!!!進修部 楊晴斐同學 考取113年専門職業及技術人員考試- 消防 設備 士 賀!!!進修部 蘇定睿同學 考取113年専門職業及技術人員考試- 消防 設備士 賀!!!進修部 李姵諠同學 考取113年専門職業及技術人員考試- 消防 設備士,弘光科技大學,https://www.hk.edu.tw/,賀！ 美髮系學生制霸髮藝菁英賽 妝髮整體造型、剪髮、包頭皆奪冠 美髮造型設計系學生參加「2025全球髮藝菁英 大 賞」，表現亮眼，一舉拿下雙人妝髮接力賽、商業剪髮設計、時尚包頭設計及創意包頭等四項冠軍。 賽事匯
民生學院,環境與安全衛生工程系,吳鳳科大 環境與安全衛生工程系 環境與安全衛生工程系 比較,272,217.6,100,⚔️ 全國戰役：製作【本校 vs 全台名校】優勢對照表,全台比拼,國立雲林科技大學-環境與安全衛生工程系 - Home - 國立雲林科技大學-...,https://ues.yuntech.edu.tw/,(二) 群育：熱心公益、熱心助人或積極參與活動等方面具有特殊表現，對象包括同儕間、研究室、本 系 、本校及社會 與 國家者。 (三) 體育：各項體育活動或電子競技等方面具有特殊表現者。 (四) 美育：在藝術或美學等方面具有特殊表現者。,國立雲林科技大學-環境與安全衛生工程系 - 系所概況,https://ues.yuntech.edu.tw/index.php/2020-02-26-09-22-35/2023-08-07-05-09-33,環境 與 安全 衛生 工程系 成立於1992年，目前設有大學部、碩士班、在職碩士專班、博士班。 環安系教育目標是使學生具備基礎數理及工程專業能力，符合產業需求之環安衛人才，及培養關注環境及持續終身學習精神。,環境與安全衛生工程系在幹嘛？5個問題解析環工系（ESHE）,https://thxuexi.com/環境與安全衛生工程系在幹嘛/,"Feb 26, 2025 · 這一 學系 結合了工程技術、 環境 科學與安全管理，培養學生成為具備專業知識與實踐能力的EHS工程師。 本文將透過5個問題，來介紹 環境 與 安全 衛生 工程系 在幹嘛的問題股，從而為大家提供清晰的認識與參考。"
民生學院,運動健康與休閒系,崑山科大 運動健康與休閒系 運動健康與休閒系 比較,256,204.8,97,⚔️ 全國戰役：製作【本校 vs 全台名校】優勢對照表,全台比拼,崑山科技大學休閒遊憩與運動管理系－科系介紹、課程與相關科系－104升學就業地圖,https://guide.104.com.tw/career/schoolMajor/5080000000/810526/introduction/,71070臺南市永康區崑大路195號 相關連結 科系官網 崑山科大休閒遊憩與運動管理系之發展重點為「運動與休閒產業管理」及「休閒運動指導」並納入「健康促進管理」等相關課程，積極培養學生實務經驗，並規定學生在校四年需有至少4.5個月以上專業之校外實習 ...,教學特色 - 休閒遊憩與運動管理系 - Ksu,https://web.ksu.edu.tw/DTCHSHL/page/46191,特色一：本系之發展重點為「運動與休閒產業管理」及「休閒運動指導」並納入「健康促進管理」等相關課程，積極培養學生實務經驗，並規定學生在校四年需有320小時專業之校外實習經驗。,崑山科技大學 休閒遊憩與運動管理系 (115學年度起併入休閒旅遊與運動管理系) | 大學問 - 升大學 找大學問,https://www.unews.com.tw/NewSchool/Department/72/1949,本系為培養運動、健康與休閒管理領域相關專業人才，特別重視學生專業知能之實務操作能力。 其前身為運動健康與休閒學士學位學程，105學年度起，更名為休閒遊憩與運動管理系。
民生學院,消防安全學士學位學程,消防安全學士學位學程 薪水 Dcard,233,186.4,93,🏆 數據權威：展示全台排名與國考優勢,數據,學測填護理還是消防好？ - 大葉大學板 - Dcard,https://www.dcard.tw/f/dyu/p/233135688,2020年2月24日 · 說實在這個產業薪水落差蠻大的，有能力可以賺到口袋飽飽，走歪路賺 ... 大葉大學消防安全學士學位學程. 5. 推 B22. 上了大學自主管理很重要，不管讀 ...,請問新鮮人月薪7萬以上的工作 - Dcard,https://www.dcard.tw/f/job/p/227145501,2017年9月1日 · 大仁科技大學消防安全學士學位學程. 0. B7 我也是靠實力去取薪的，我白天上班，晚上進修，學歷也只有高中職。在職場上，學歷真的不能代表一切，即使學歷高薪水 ...,一般大學生畢業存款及目前存款- 工作板 - Dcard,https://www.dcard.tw/f/job/p/235326461,2021年2月10日 · 長榮大學消防安全學士學位學程. 21. 大四等畢業，住家通勤，有學貸. 時薪加油員，一天八小週休兩天. 從去年七月做到現在存了10萬多. 有加班，雙倍必上 . 月 ...
民生學院,職業安全衛生系,長榮大學 職業安全衛生系 職業安全衛生系 比較,210,168.0,99,⚔️ 全國戰役：製作【本校 vs 全台名校】優勢對照表,全台比拼,長榮大學職業安全與衛生學系職業安全衛生管理組 - 114年大學 | 科大交叉查榜-www.com.tw,https://www.com.tw/cross/check_051302_NO_1_114_0_3.html,長榮大學 食品安全衛生與檢驗學士學位學程食品檢驗組 (5) 長榮大學 職業安全與衛生學系職業衛生組 (4) 長榮大學 消防安全學士學位學程消防實務管理組 (4) 長榮大學 食品安全衛生與檢驗學士學位學程食品安全管理組 (3),長榮大學職業安全與衛生學系 (碩、碩專)介紹-tun大學網,https://university.1111.com.tw/company.asp?sid=74&pgtp=4&codeNo=1000780304,TUN大學網-整理長榮大學職業安全與衛生學系(碩、碩專)系所簡介、系所特色、招生資訊、畢業出路、錄取分數、註冊率、考古題，讓大學生深入了解職業安全與衛生學系(碩、碩專)特色、必備核心能力、相關證照到未來發展，引領學生從申請、面試備審、畢業求職一路暢通!,訊息摘要-長榮大學 職業安全與衛生學系,https://dweb.cjcu.edu.tw/osh/main,長榮大學-職業安全與衛生學系 | 長榮大學榮獲「國家品質獎-永續發展典範獎」，2026年亞洲排名第375，2026年世界排名1201-1400，THE 2025世界大學影響力名列801-1000名，持續深耕在地連結國際，成為永續發展典範大學
民生學院,環境與安全衛生工程系,環境與安全衛生工程系 薪水 Dcard,209,167.2,90,🏆 數據權威：展示全台排名與國考優勢,數據,直擊 Dcard 工 作 環 境 ，想在哪辦公都可以、每週三還可選擇在家 工 作,https://www.myplus.com.tw/article-20190904/696/1,Dcard 的起源其實就是來自兩個當時還是大學 生 的男孩，對大學 生 活的「幻想破滅」，以為上了大學，就可以認識很酷的人、參加特別的活動，有多彩多姿的 生 活，但.,youtube.com/watch?v=e4o-Hosoijk,https://www.youtube.com/watch?v=e4o-Hosoijk,,石芝嫺 環 境 與 安 全 衛 生 工 程 系 (c112107125) — профиль | Pinterest,https://ru.pinterest.com/c112107125/,石芝嫺 環 境 與 安 全 衛 生 工 程 系 .
民生學院,食品營養系,食品營養系 出路,158,126.4,89,✅ 資訊透明化：整理懶人包,資訊,營 養 系 學什麼? 營 養 系 出 路 有哪些? 營 養 系 必備證照一覽 - My Road...,https://www.myroad.com.tw/discipline-cluster/醫藥衛生學群-2993/,營 養 學 系 出 路 ?相關就業一覽. 營 養 系 出 路 可選擇考取 營 養 師、 食 品 技師證照， 營 養 學 系 出 路 的服務單位除了醫院、長照機構之外，也可以進入減重中心擔任運動 營 養 師，或是往學校的團.,a78945299.pixnet.net/blog/post/345009629,https://a78945299.pixnet.net/blog/post/345009629,"目前 營 養 師考試門檻是""限制本科 系 應考"". 法條有規定，只有 營 養 師才能從事 營 養 諮詢. 許多餐飲 食 品 業者， 出 社會後說他們非常想考 營 養 師 若先前不是念相關科 系 ，只能跟他們說 很可惜，來不及了. 4.當 營 養 師有什麼 出 路 選擇?",【 營 養 學 出 路 】多面睇！ 除左考牌仲有咩選擇？ - 尋補・Blog,https://blog.tutorcircle.hk/5081/營養學出路-nutrition-營養師/,2. 食 品 公司. 隨著近來愈黎愈多 食 品 安全事件，例如地溝油、黑心肉呢啲愈爆愈多，市民對於 食 品 嘅健康性愈黎愈重視，因此亦為 營 養 學嘅畢業生創造左好多新嘅 出 路 . 選擇。
民生學院,餐旅管理系,中華醫事 餐旅管理系 評價,129,103.2,46,❤️ 暖心溝通：建立校系認同感,社群,中華醫事科技大學 - 華醫餐旅走出教室，職涯更有方向！... | Facebook,https://www.facebook.com/story.php/?story_fbid=1189203703379540&id=100068697646284,中華醫事 科技大學 - 📍華 醫餐旅 走出教室，職涯更有方向！... | Facebook 中華醫事 科技大學's post 中華醫事 科技大學 1d 📍華 醫餐旅 走出教室，職涯更有方向！ 華 醫 就輔組攜手 餐旅管理系 ，由黃裕文老師結合課程《 餐旅 名店介紹與參訪》，帶領同學實地走訪 高雄翰品酒店（雲朗集團）與 ...,中華醫事科技大學-餐旅管理系,https://dhm.hwai.edu.tw/,2025-11-03 恭喜 餐 旅 管理 系 謝秀櫻系友獲頒 中華 醫 事 科技大學傑出校友! 2025-10-22 公告:2025從產地到餐桌～全國跨時代飲食競賽活動總決賽獲獎名單!,中華醫事科技大學餐旅管理系介紹-TUN大學網 - 1111,https://university.1111.com.tw/company.asp?sid=75&pgtp=4&codeNo=1001000103,TUN大學網-整理 中華 醫 事 科技大學 餐 旅 管理 系 系 所簡介、系所特色、招生資訊、畢業出路、錄取分數、註冊率、考古題，讓大學生深入了解 餐 旅 管理 系 特色、必備核心能力、相關證照到未來發展，引領學生從申請、面試備審、畢業求職一路暢通！
民生學院,消防安全學士學位學程,中華醫事 消防安全學士學位學程 評價,108,86.4,47,❤️ 暖心溝通：建立校系認同感,社群,護理 學 學 士 學 位 課 程,https://www2.kwnc.edu.mo/zh_hant/standard/BSN_Programme.html,轉 學 申請條件 1. 獲得認可高等院校 學 士 學 位 課 程 入 學 資格；或 2. 現正就讀於其他認可高等院校 學 士 學 位 課 程 之在讀生.,這些「 學 士 後」進修 畢業月薪上看13萬 | Yahoo News,https://tw.news.yahoo.com/這些「學士後」進修-畢業月薪上看13萬-103424633.html,「 學 士 後」是專門給非本科系的大 學 畢業生進修，培養第二專長為履歷加分，也提供一條轉職的出路。 教育部2010年更開辦「 學 士 後第二專長 學 士 學 位 學 程 」（4+X），標榜透過1、2年的專業實務課 程 及實習制度，取得第二張 學 士 學 位 證書，範圍含括設計、商務、海 事 、,legco.gov.hk/yr11-12/chinese/counmtg/hansard/cm0111-translate-c.pdf,https://www.legco.gov.hk/yr11-12/chinese/counmtg/hansard/cm0111-translate-c.pdf,萬 元 是 否 有 足 夠 阻 嚇 力 呢. 我認為如果政府不加強打擊這類短租單 位 一定會影響樓宇的 消 防 安 全 和 結 構。
民生學院,運動健康與休閒系,中華醫事 運動健康與休閒系 評價,102,81.6,52,❤️ 暖心溝通：建立校系認同感,社群,中華醫事科技大學運動健康與休閒系－心得評價－大學科系真心話,https://guide.104.com.tw/career/schoolMajor/5117000000/810502/comment/,來自中華醫事科技大學運動健康與休閒系的同學評價，104升學就業地圖蒐集你想知道的科系就讀經驗與科系評價.,運動健康與休閒系,https://shl.hwai.edu.tw/,運動健康與休閒系-Logo. 運動健康與休閒系. Menu. 招生特色; 關於系所. 系所簡介 · 教學設施 · 規章辦法 · 會議專區 · 師資陣容 · 系主任 · 專任教師 · 學制與課程 · 課程 ...,中華醫事科技大學運動健康與休閒系－科系介紹 - 104職涯導航,https://guide.104.com.tw/career/schoolMajor/5117000000/810502/introduction/,中華醫事科大運動健康與休閒系以『學術與實務並重』為教育理念，為使學生能多元發展，課程規劃方向以運動教育、健康保健、休閒遊憩三個領域為架構。 學生除了應具備運動、健 ...
護理學院,護理系,元培醫事 護理系 護理系 比較,1826,1460.8,100,⚔️ 全國戰役：製作【本校 vs 全台名校】優勢對照表,全台比拼,護理系 - 元培護理系,https://nurse.ypu.edu.tw/,【學生活動】寒假期間護理系老師們至各實習醫院訪視同學 2026-01-22 【徵才】臺大癌醫中心分院115年儲備護理人員甄選作業｜報名至115/3/7止 2026-01-19 【獎助學金】臺北市立聯合醫院護理科系學生獎助金申請事宜｜自行交件申請至115/3/15 2026-01-19,元培醫事科技大學護理系－心得評價－大學科系真心話－104升學就業地圖,https://guide.104.com.tw/career/schoolMajor/5116000000/720601/comment/,「推薦：工作好找、薪水不錯、鐵飯碗不推薦：護理環境不好、學姊學…」來自元培醫事科技大學護理系的同學評價，104升學就業地圖蒐集你想知道的科系就讀經驗與科系評價,元培醫事科技大學護理系介紹-tun大學網 - 1111,https://university.1111.com.tw/company.asp?sid=11&pgtp=4&codeNo=1000980303,TUN大學網-整理元培醫事科技大學護理系系所簡介、系所特色、招生資訊、畢業出路、錄取分數、註冊率、考古題，讓大學生深入了解護理系特色、必備核心能力、相關證照到未來發展，引領學生從申請、面試備審、畢業求職一路暢通!
護理學院,醫務暨健康事業管理系,金門大學 醫務暨健康事業管理系 醫務暨健康事業管理系 比較,1770,1416.0,96,⚔️ 全國戰役：製作【本校 vs 全台名校】優勢對照表,全台比拼,國立金門大學 - National Quemoy University,https://www.nqu.edu.tw/,影音專區 ... 國立 金門大學 2025學校簡介招生宣傳影片｜學校介紹 National Quemoy University 114學年度新生入學線上說明會錄影檔 2026 NQU僑外學生招生影片（英文版） 第三屆「連結新南向菁英培育專班計畫」,健康護理學院 - 國立金門大學健康護理學院,https://health-nursing.nqu.edu.tw/,本校 健康 護理學院已於102年08月01日正式成立，並設有三學系，長期照護學系 (學士班、碩士班)、護理學系 (學士班)、社會工作學系 (學士班、碩士班、進修部)，配合國際 健康 照護趨勢，培育 健康 關懷、全球視野及專業素養之人才為主，使學生具有 健康 關懷、全球 ...,醫務暨健康事業管理系,https://hca.hwai.edu.tw/,copyright@2019中華醫事科技大學 CHUNG HWA UNIVERSITY OF MEDICAL TECHNOLOGY 交通資訊 : 71703台南市仁德區文華一街89號 總機:06-2674567轉630分機 版權所有 | 製作維護: 醫 務 暨 健康 事業 管理 系
護理學院,護理系,亞洲大學 護理系 護理系 比較,1600,1280.0,95,⚔️ 全國戰役：製作【本校 vs 全台名校】優勢對照表,全台比拼,亞洲大學護理學院 - cn.asia.edu.tw,https://cn.asia.edu.tw/?locale=zh_tw&locale=zh_tw&locale=zh_tw,亞洲大學 護理學院辦理SROI社會影響力論壇，引領跨校USR菁英，掌握 大學 影響力衡量之法。,亞洲大學護理 的精選文章與討論｜Dcard,https://www.dcard.tw/search/posts?query=亞洲大學護理,"Dec 29, 2025 · 瀏覽「 亞洲大學 護理」的相關文章，蒐集真實故事與社群觀點，找到最實用的資訊",亞洲大學 護理系 的相關討論與真實心得｜Dcard,https://www.dcard.tw/search?query=亞洲大學+護理系,"Dec 24, 2023 · 即時搜尋「 亞洲大學 護理系 」的真實經驗與熱門文章，快速找到最符合需求的討論與答案"
護理學院,醫務暨健康事業管理系,國立臺北護理健康大學 醫務暨健康事業管理系 醫務暨健康事業管理系 比較,1432,1145.6,98,⚔️ 全國戰役：製作【本校 vs 全台名校】優勢對照表,全台比拼,國立臺北護理健康大學健康事業管理系－心得評價－大學科系真心話,https://guide.104.com.tw/career/schoolMajor/5037000000/340904/comment/,課程分為四個學程，需要完整上完一個學程的必修課程才能畢業，實習方面以醫院行政居多，未來出路有繼續在醫院、長照單位、輔具產業、藥廠業務或是考公衛師，另外也有一半的 ...,認識北護 - 國立臺北護理健康大學,https://www.ntunhs.edu.tw/p/412-1000-82.php?Lang=zh-tw,本校自護理系起步，於學院時期增設醫護管理系(後於2008年更名為健康事業管理系) ... 復於2016年開設高齡健康照護系、學士後護理系、助產及婦女健康照護系(後於2018 ...,國立臺北護理健康大學健康事業管理系－科系介紹 - 104職涯導航,https://guide.104.com.tw/career/schoolMajor/5037000000/340904/introduction/,"科系介紹 ; 學雜費: NT$26,240元／學期 ; 師生比: 22.88 ; 興趣類型: 企業型、實作型、社會型（E、R、S） ; 學系地址: 10845台北市萬華區內江街89號(城區部) ; 相關連結: 科系官網 ..."
護理學院,護理系,國立臺北護理健康大學 護理系 護理系 比較,1210,968.0,95,⚔️ 全國戰役：製作【本校 vs 全台名校】優勢對照表,全台比拼,國立臺北護理健康大學護理系（暨研究所）介紹-tun大學網,https://university.1111.com.tw/company.asp?sid=52&pgtp=4&codeNo=1000370302,TUN大學網-整理國立臺北護理健康大學護理系（暨研究所）系所簡介、系所特色、招生資訊、畢業出路、錄取分數、註冊率、考古題，讓大學生深入了解護理系（暨研究所）特色、必備核心能力、相關證照到未來發展，引領學生從申請、面試備審、畢業求職一路暢通!,台灣護理系大學排名2025：護理系大學有哪些&八大護理系出路,https://thxuexi.com/university-rankings-of-nursing-departments/,2025 年 10 大護理系大學排名 以下結合 Edurank 2025 年護理學科排名、上海軟科學術排名等權威榜單，整理出台灣護理領域實力突出的 10 所大學。護理系大學排名僅供參考，不同機構評價標準（如科研成果、臨床實踐、師資水平）不同可能導致差異。,護理類熱門科系出爐!台大護理系排第3、北護大第2 冠軍是這私校 | 生活焦點 | 要聞 | NOWnews今日新聞,https://www.nownews.com/news/6365582,2024百大熱門科系排行榜日前出爐，大學問網站今（17）日再公布護理類排名，長庚科大護理系排第1。（示意圖／翻攝PhotoAC）
護理學院,醫務暨健康事業管理系,醫務暨健康事業管理系 排名,1112,889.6,79,⚔️ 全國戰役：製作【本校 vs 全台名校】優勢對照表,全台比拼,醫藥衛生學群｜ 健康照護學類科技大學 - 大學問,https://www.unews.com.tw/Search/Group?type=2,"中臺科技大學 · 醫療暨健康產業管理系, 68.00% ; 中臺科技大學 · 高齡健康照護系, 66.67% ; 元培醫事科技大學 · 高齡健康照護系, 20.00% ; 南臺科技大學 · 高齡福祉服務系 ...",09商管群錄取分數排行榜- 112年四技二專登記分發查榜-www.com.tw,https://www.com.tw/techreg/groupid_09_112.html,國立臺北護理健康大學 健康事業管理系 (畢業出路). 09商管 各科加權. 437.50 ... 慈濟科技大學 醫務暨健康管理系 (畢業出路). 09商管 各科加權. 408.50 / 58.36 ...,09商管群錄取分數排行榜- 113年四技二專登記分發查榜-www.com.tw,https://www.com.tw/techreg/groupid_09_113.html,慈濟科技大學 醫務暨健康管理系 (畢業出路). 09商管 各科加權. 515.00 / 73.57 ... 國立臺北護理健康大學 健康事業管理系 (畢業出路). 09商管 各科加權. 441.00 ...
護理學院,長期照顧經營管理系,長期照顧經營管理系 出路,992,793.6,90,✅ 資訊透明化：整理懶人包,資訊,中華醫事科技大學長期照顧經營管理系的研究所升學比例、畢業出路與工作職務－104升學就業地圖,https://guide.104.com.tw/career/schoolMajor/5117000000/720620/?exp=1,104升學就業地圖整理了中華醫事科技大學長期照顧經營管理系的畢業出路，包含就業薪資與升學念研究所的國家。,中華醫事科技大學長期照顧經營管理系介紹-tun大學網,https://university.1111.com.tw/company.asp?sid=75&codeno=1001000302,TUN大學網-整理中華醫事科技大學長期照顧經營管理系系所簡介、系所特色、招生資訊、畢業出路、錄取分數、註冊率、考古題，讓大學生深入了解長期照顧經營管理系特色、必備核心能力、相關證照到未來發展，引領學生從申請、面試備審、畢業求職一路暢通!,長期照顧經營管理系,https://ltm.hwai.edu.tw/,2025-11-25 實作場域數位轉型強化醫護長照教與學之量能，寒假課程召募中!
護理學院,醫務暨健康事業管理系,中華醫事 醫務暨健康事業管理系 評價,971,776.8,50,❤️ 暖心溝通：建立校系認同感,社群,醫務暨健康事業管理系,https://hca.hwai.edu.tw/,copyright@2019中華 醫 事 科技大學 CHUNG HWA UNIVERSITY OF MEDICAL TECHNOLOGY 交通資訊 : 71703台南市仁德區文華一街89號 總機:06-2674567轉630分機 版權所有 | 製作維護: 醫 務 暨 健康 事業 管理 系,中華醫事科技大學醫務暨健康事業管理系介紹-TUN大學網,https://university.1111.com.tw/company.asp?sid=75&pgtp=4&codeNo=1001000304,TUN大學網-整理 中華 醫 事 科技大學 醫 務 暨 健康 事業 管理 系 系 所簡介、系所特色、招生資訊、畢業出路、錄取分數、註冊率、考古題，讓大學生深入了解 醫 務 暨 健康 事業 管理 系 特色、必備核心能力、相關證照到未來發展，引領學生從申請、面試備審、畢業求職一路 ...,課程評價 - 中華醫事科技大學板 | Dcard,https://www.dcard.tw/f/hwai/p/227216183,愛心 1 中華 醫 事 科技大學 板的更多文章 羊不見好久了 心情 7 ・ 留言 10 不知道這有什麼好講的 心情 7 ・ 留言 2 請護理系詹淑雅老師不要在深夜電訪 心情 28 ・ 留言 10 學校上新聞了🤣 心情 11 ・ 留言 9 請各位小心，尤其是下雨天 心情 13 ・ 留言 7 注意猴子亂 ...
護理學院,醫務暨健康事業管理系,元培醫事 醫務暨健康事業管理系 醫務暨健康事業管理系 比較,938,750.4,99,⚔️ 全國戰役：製作【本校 vs 全台名校】優勢對照表,全台比拼,元培醫事科技大學醫務管理系－科系介紹 - 104職涯導航,https://guide.104.com.tw/career/schoolMajor/5116000000/340901/introduction/,必修課程 · 一年級: 醫院組織與管理 · 二年級: 衛生政策與法規、病歷資訊管理、健康管理學、健康保險、健康促進 · 三年級: 醫療行銷管理、醫療資訊管理與實作、健康傳播與 ...,元培醫事科技大學醫務管理系的研究所升學比例 - 104職涯導航,https://guide.104.com.tw/career/schoolMajor/5116000000/340901/?exp=10,學長姐都在哪些產業 ; 醫院. 11.5% ; 其他醫療保健服務業. 5.9% ; 光電產業. 4.8% ; 學前教育事業. 2.8% ; 電腦及其週邊設備製造業. 2.5%.,元培焦點 - 元培醫事科技大學,https://www.ypu.edu.tw/p/403-1000-848-1.php?Lang=zh-tw,元培之意元乃萬物之初，是一切根本開始的意思，不但說明本校是我國醫事技術學校的發端者，更要同學研究萬物與生命的根源及其奧秘神奇之處，追根究底，發現真理，然後才培養出 ...
護理學院,調理保健技術系,中山醫學大學 調理保健技術系 調理保健技術系 比較,906,724.8,93,⚔️ 全國戰役：製作【本校 vs 全台名校】優勢對照表,全台比拼,中山醫學大學健康產業科技管理學系－科系介紹 - 104職涯導航,https://guide.104.com.tw/career/schoolMajor/5085000000/810107/introduction/,中山醫學大學健康產業科技管理學系的科系介紹，包含必選修的課程內容、相似科系以及他校同學類的科系。,食品安全衛生學程,"https://phd.csmu.edu.tw/p/405-1036-32647,c4.php?Lang=zh-tw",2021年2月26日 · 王進崑. 教授. 國立台灣大學. 食品科技. 博士. 中山醫學大學. 營養學系. 專任教師 ; 劉承慈. 教授. 英國牛津大學. 免疫營養學博士. 中山醫學大學. 營養學系.,18學群導讀－醫藥衛生學群 - TUN 大學網- 1111人力銀行,https://university.1111.com.tw/news.asp?sub=null,2023年1月9日 · ... 系不同，系上以中山醫學大學的醫療衛生專業為基礎，橫跨食品科技、保健醫學與經營管理領域的教學研究。 張曉平進一步說明，系上鼓勵同學考取食品技師、保健 ...
護理學院,護理系,護理系 薪水 Dcard,888,710.4,91,🏆 數據權威：展示全台排名與國考優勢,數據,夏天一到毛孔囂張大開，顏值超扣分！ 編輯7天實測日本燒到 Dcard ...,https://www.cosmopolitan.com/tw/beauty/skin/a33528483/7dcard1/,但毛孔保養品真的百百種，身為細節保養控，要來分享用了毛孔緊緻超有感的「毛孔神隱術」， Dcard 、PTT討論度超高的「小銀蓋」－「Labo Labo 毛孔緊膚 水 」大家一定不陌生，編.,2024 男性淡香 水 、淡香精必買男香推薦：PTT、 Dcard ... - JUKSY 街星,https://www.juksy.com/article/85507,loewe黑色圓舞曲 dcard . burberry hero ptt.木質調男香ptt. armani男香 水 dcard .,2024年50嵐飲料菜單推薦喝什麼？ Dcard 網友推薦經典10...,https://www.518.com.tw/article/2220,只要是50嵐熟客應該都知道，50嵐最佛心的地方就是「加料免費」， Dcard 上曾有店員分享，除了純茶飲品加料要錢，其他飲品都能免費加料，包含珍珠、波霸、燕麥、椰.
護理學院,調理保健技術系,敏惠醫專 調理保健技術系 調理保健技術系 比較,886,708.8,100,⚔️ 全國戰役：製作【本校 vs 全台名校】優勢對照表,全台比拼,調理保健技術系 (科) Department of Acupressure Technology,https://apt.hwai.edu.tw/,2025-09-27 調保 系 開講系列-多元產業發展經驗談-開始報名 2025-09-05 114學年度新生班級群組 2025-07-15 114-119年 調理 保健 技術 系 評鑑通過 2025-06-20 114年度第1梯次民俗 調理 業傳統整復推拿技術士技能檢定術科測試報檢人日程表,中華醫事科技大學調理保健技術系 (科)介紹-TUN大學網,https://university.1111.com.tw/company.asp?sid=75&codeNo=1001000303,TUN大學網-整理中華 醫 事科技大學 調理 保健 技術 系 (科) 系 所簡介、系所特色、招生資訊、畢業出路、錄取分數、註冊率、考古題，讓大學生深入了解 調理 保健 技術 系 (科)特色、必備核心能力、相關證照到未來發展，引領學生從申請、面試備審、畢業求職一路暢通！,調理保健技術系 (科) - 中華醫事科技大學,https://rd.hwai.edu.tw/p/404-1012-62058.php?Lang=zh-tw,Copyright © 中華 醫 事科技大學入學服務處 地址：71703台南市仁德區文華一街89號體育二館3樓 電話：06-2671214#230、239 專線：06-3362469
護理學院,護理系,護理系 排名,690,552.0,80,⚔️ 全國戰役：製作【本校 vs 全台名校】優勢對照表,全台比拼,大學 護 理 系 排 名 及申請最低級分-－人力資源網｜痞客邦,https://w02pn39q.pixnet.net/blog/post/180237524,大學 護 理 系 排 名 及申請最低級分? 問題. 想問申請入學關於 護 理 系 之 排 名 以及申請最低級分? 最佳解答.,2025...,https://www.unews.com.tw/News/Info/8160,外語學群3 系 入榜，包括第73 名 臺大外文、第78 名 政大韓文、第93 名 東吳日文，受到外語學群整併汰弱留強，相關科 系 以日文 系 整體 排 名 提升最多，加上日本.,tkblearning.com.tw/newExam/inside?str=329C24DC739CE310D6EE...,https://www.tkblearning.com.tw/newExam/inside?str=329C24DC739CE310D6EE8312AEECF1D1,"台灣最佳綜合類大學TOP30. 高中生最愛百大-大學科 系 排 名 . 高中生最愛百大-科技大學科 系 排 名 . 企業最愛大學 排 名 .大學歷更是必不可少。 熱門公私立大學,大學 排 名 ,企業最愛大學,校 系 排 名 ,科 系 排 名 ,畢業薪資,畢業薪水,科 系 薪水."
護理學院,長期照顧經營管理系,長期照顧經營管理系 薪水 Dcard,590,472.0,98,🏆 數據權威：展示全台排名與國考優勢,數據,#其他 長照薪水都多少呢？ - 護理板 | Dcard 2026高齡及長期照護事業系就業薪水收入－公開高齡及長期照護事業系從... #工作心得 照顧服務員薪資明年會不如工讀生嗎 - 工作板 | Dcard #其他 照顧管理專員 - 護理板 | Dcard #閒聊 別再說長照很好賺了 - 工作板 | Dcard #工作心得 #工作心得 護理師、護士必看 ... - Dcard #其他 好奇走長照的學長姐們薪水都落在哪裡 - 護理板 | Dcard,https://www.dcard.tw/f/nursing/p/258227416,"Mar 10, 2025 · 這幾年因為想逃離醫院去做 長 照 ，但覺得 薪水 沒有成長性、護病比高，其實也蠻累的，而且只有做 長 照 要再120點繼續教育積分⋯⋯（等於六年要120+120，僅部分課程可以接受護理及 長 照 積分共同認定累積），而且 長 照 的課程很刁難，常常上兩個小時的課程卻只發1 ... 高齡及 長期 照 護 事業 系 從事不同職務的 薪水 收入：【平均月薪】、【薪資中位數】、【月薪範圍】、【畢業起薪】，查 薪水 查收入查待遇、新鮮人了解起 薪 談 薪水 跨出職涯成功第一步，請上104 薪 資情報。 Mar 27, 2024 · 最初長照2.0 長 照 業時 薪 跟工讀生時薪價差是74元現在113年只差17元，下次調整 薪 資 說不定就被超過，比工讀生還不如，再來就是如果未來又降低每週最高工時的話 薪水 更低喔。 Mar 7, 2024 · 1.請問 照顧 管理 專員 薪水 4萬初，要跑案家是會另外給油錢補貼，還是就包含在 薪水 裡面了呢？ 2.這份工作推嗎？ 可以準時上下班嗎，3.跟A個案個管師的差別在哪裡？ 謝謝回答！ May 4, 2025 · 而我們的 薪水 要「破三萬」，幾乎都得靠加給。 但如果中心收的個案大多是亞健康，沒有失能或失智鑑定，加給自然也少，最終實領其實也跟其他行業差不多。 我知道每個行業都有不容易的地方，也有各自的挑戰與壓力。 May 1, 2017 · B1 薪水 相對於畢業生來說，醫護、醫事人員有執照，基本上都是這些 薪 資 起跳（除營養師、醫檢較低）， 薪 資漲幅除了要拿到公職護理師且輪值三班才有可能破百萬年薪，不過依照目前的台灣薪資來說，確實跟軍警消差不多的薪資，但危險性跟有冷氣吹還算過的 ... Jul 20, 2023 · 我是應屆畢業生，剛好學姊設立 長 照有在積極的徵才。 因為我在的地方挺偏鄉的，所以學姊一直找不到人來工作，所以學姊一直很積極找我去做看看。 有人可能會覺得我怎麼不問學姊就好XD，但學姊給的回應也很籠統～時薪的 - 薪水 ,工作,徵才,長照",#工作心得 照顧服務員薪資明年會不如工讀生嗎 - 工作板 | Dcard #其他 照顧管理專員 - 護理板 | Dcard #閒聊 別再說長照很好賺了 - 工作板 | Dcard #工作心得 #工作心得 護理師、護士必看 ... - Dcard #其他 好奇走長照的學長姐們薪水都落在哪裡 - 護理板 | Dcard,https://www.dcard.tw/f/job/p/255091340,"Mar 27, 2024 · 最初長照2.0 長 照 業時 薪 跟工讀生時薪價差是74元現在113年只差17元，下次調整 薪 資 說不定就被超過，比工讀生還不如，再來就是如果未來又降低每週最高工時的話 薪水 更低喔。 Mar 7, 2024 · 1.請問 照顧 管理 專員 薪水 4萬初，要跑案家是會另外給油錢補貼，還是就包含在 薪水 裡面了呢？ 2.這份工作推嗎？ 可以準時上下班嗎，3.跟A個案個管師的差別在哪裡？ 謝謝回答！ May 4, 2025 · 而我們的 薪水 要「破三萬」，幾乎都得靠加給。 但如果中心收的個案大多是亞健康，沒有失能或失智鑑定，加給自然也少，最終實領其實也跟其他行業差不多。 我知道每個行業都有不容易的地方，也有各自的挑戰與壓力。 May 1, 2017 · B1 薪水 相對於畢業生來說，醫護、醫事人員有執照，基本上都是這些 薪 資 起跳（除營養師、醫檢較低）， 薪 資漲幅除了要拿到公職護理師且輪值三班才有可能破百萬年薪，不過依照目前的台灣薪資來說，確實跟軍警消差不多的薪資，但危險性跟有冷氣吹還算過的 ... Jul 20, 2023 · 我是應屆畢業生，剛好學姊設立 長 照有在積極的徵才。 因為我在的地方挺偏鄉的，所以學姊一直找不到人來工作，所以學姊一直很積極找我去做看看。 有人可能會覺得我怎麼不問學姊就好XD，但學姊給的回應也很籠統～時薪的 - 薪水 ,工作,徵才,長照",#其他 照顧管理專員 - 護理板 | Dcard #閒聊 別再說長照很好賺了 - 工作板 | Dcard #工作心得 #工作心得 護理師、護士必看 ... - Dcard #其他 好奇走長照的學長姐們薪水都落在哪裡 - 護理板 | Dcard,https://www.dcard.tw/f/nursing/p/254899257,"Mar 7, 2024 · 1.請問 照顧 管理 專員 薪水 4萬初，要跑案家是會另外給油錢補貼，還是就包含在 薪水 裡面了呢？ 2.這份工作推嗎？ 可以準時上下班嗎，3.跟A個案個管師的差別在哪裡？ 謝謝回答！ May 4, 2025 · 而我們的 薪水 要「破三萬」，幾乎都得靠加給。 但如果中心收的個案大多是亞健康，沒有失能或失智鑑定，加給自然也少，最終實領其實也跟其他行業差不多。 我知道每個行業都有不容易的地方，也有各自的挑戰與壓力。 May 1, 2017 · B1 薪水 相對於畢業生來說，醫護、醫事人員有執照，基本上都是這些 薪 資 起跳（除營養師、醫檢較低）， 薪 資漲幅除了要拿到公職護理師且輪值三班才有可能破百萬年薪，不過依照目前的台灣薪資來說，確實跟軍警消差不多的薪資，但危險性跟有冷氣吹還算過的 ... Jul 20, 2023 · 我是應屆畢業生，剛好學姊設立 長 照有在積極的徵才。 因為我在的地方挺偏鄉的，所以學姊一直找不到人來工作，所以學姊一直很積極找我去做看看。 有人可能會覺得我怎麼不問學姊就好XD，但學姊給的回應也很籠統～時薪的 - 薪水 ,工作,徵才,長照"
護理學院,調理保健技術系,調理保健技術系 出路,589,471.2,86,✅ 資訊透明化：整理懶人包,資訊,中華醫事科技大學調理保健技術系 (科)介紹-TUN大學網,https://university.1111.com.tw/company.asp?sid=75&codeNo=1001000303,TUN大學網-整理中華醫事科技大學 調理 保健 技術 系 (科)系所簡介、系所特色、招生資訊、畢業 出路 、錄取分數、註冊率、考古題，讓大學生深入了解 調理 保健 技術 系 (科)特色、必備核心能力、相關證照到未來發展，引領學生從申請、面試備審、畢業求職一路暢通！,想創業沒資金？中國信託貸給您 - 創業圓夢好家在！週轉難題輕鬆解 - 穩定資金支援，突破瓶頸夢想起飛,https://www.bing.com/aclick?ld=e822iw4WJb7r97E29csnvcGTVUCUxbvK9EfXEfd1q02ujEuKokSIBHe2DO3kibwgMcK_Xzlh-MzSucygyWn4fQVZxneQ_hL7nXuHC6hPWVYdsJcz8Mvjg-sIyOR-DyI7loZrU0z2gNyd0or9c68qeSAWCBI7kc1Hl8OKSZ1q3yoZoIYfHHM6ZZczI9vCpN82e4puNs6PNWB1iO_VElILVCpqJgCfQ&u=aHR0cHMlM2ElMmYlMmZta3QuY3RiY2JhbmsuY29tJTJmbG9uZyUyZmxvYW4lMmZtb3J0Z2FnZSUyZnNtZWhsb2FuJTJmaW5kZXguaHRtbCUzZk1lZGlhQ2hhbm5lbCUzZHlhaG9vX3NtZSUyNkFjdGl2aXR5Y29kZSUzZDI3MDAwJTI2bXNjbGtpZCUzZDgzYzE1ZjEyZDdkMTE0MmEzYmRjMzY5NzcxMGU0YjY4&rlid=83c15f12d7d1142a3bdc3697710e4b68,mkt.ctbcbank.com has been visited by 10K+ users in the past month 資金彈性運用，創業無後顧之憂！線上申請開辦費打8折，月付金免費試算，申辦更安心，歡迎諮詢！. 別讓資金限制夢想！貸款成數最高85%、年限最長30年，優惠年利率首年2.185%起，立即申辦圓夢！,三元及第 四技二專金榜傲視全國 - 護理衛生補習推薦 - 三元及第 - 精選優惠開跑中，搶先報名,https://www.bing.com/aclick?ld=e8-EpwBFOF_4PDS2ZilOPhFTVUCUxHYzhK5ghsmUbKTZvpAIOguME4gIsgIi98MqwMsQZj4l_IVkg87sJ6pAHzThr-cbNNYA4TIiLiAheGFxHhW9rMFERr_hCS-8q56_5Pp4Us9i59S0NzMqTH9zTIlEVxFsIy5fq6V7_Wehx5T3eMFWTQdRy9_QAFlna4qpBOYkaoFfTU6jELnayiQbvippsPHpM&u=aHR0cHMlM2ElMmYlMmZ3d3cuM2RvbGxhcnMuY29tLnR3JTJmRzQyJTJmRzQtaW5kZXguaHRtbCUzZm1zY2xraWQlM2Q5NmMwOGZjMTM4ZjYxYzg1MTdkNGU2NDQ5ZTI5NWMzOA&rlid=96c08fc138f61c8517d4e6449e295c38,農業、食品四技二專升學，專業課程規劃，考試資訊透明，立即報名！. 農業、食品等四技二專升學，精英師資、完善課程規劃，幫您輕鬆上榜！
護理學院,長期照顧經營管理系,長期照顧經營管理系 排名,588,470.4,76,⚔️ 全國戰役：製作【本校 vs 全台名校】優勢對照表,全台比拼,長期照顧經營管理系,https://ltm.hwai.edu.tw/,copyright@2019中華醫事科技大學 CHUNG HWA UNIVERSITY OF MEDICAL TECHNOLOGY 交通資訊 : 71703台南市仁德區文華一街89號 總機:06-2674567轉591分機 版權所有 | 製作維護: 長期 照顧 經營 管理 系,中華醫事科技大學長期照顧經營管理系介紹-TUN大學網,https://university.1111.com.tw/company.asp?sid=75&pgtp=4&codeNo=1001000302,民國102年8月更名為「 長期 照顧 系 」，因應人口老化及高齡產業發展之需求與趨勢，於107年8月再更名為「 長期 照顧 經營 管理 系 」，旨於培育學生適才適用、具備「人文素養、醫護照顧、社區關懷與產業管理」能力的長期照顧領域專才。,中華醫事科技大學長期照顧經營管理系－科系介紹、課程與相關科系－104...,https://guide.104.com.tw/career/schoolMajor/5117000000/720620/introduction/,因應人口老化及高齡產業發展之需求與趨勢，培育學生適才適用、具備「人文素養、醫護照顧、社區關懷與產業管理」能力的 長期 照顧 領域專才。 介紹內容來源：中華醫事科技大學官網
護理學院,醫務暨健康事業管理系,醫務暨健康事業管理系 出路,545,436.0,86,✅ 資訊透明化：整理懶人包,資訊,醫務暨健康事業管理科是什麼：深入解析其學程、職涯與未來發展,https://ttnews.tw/keji/1753006771875387.html,"Jul 20, 2025 · 不一定。 醫 務 暨 健康 事業 管理 科的畢業生就業場域非常多元，除了大型醫院的行政管理職位外，您也可以選擇在長期照護機構、診所、健康檢查中心、製藥或醫療器材公司、健康管理顧問公司，甚至是政府衛生機關或保險業等領域發展，職涯 路 徑非常廣闊。",#選系雷達 健康事業管理系在學什麼？學長姊推不推？ - 升大學考試板 |...,https://www.dcard.tw/f/freshman/p/235973446,"May 12, 2021 · 【 6⃣ 最後～ 健康 事業 管理 系 在學什麼呢？ 】 學習如何計畫、指導和操作組織及機關的各種功能和活動。 相關課程及資格包含：行政、經濟和金融等在內的管理課程、教育管理、聘僱管理、創業、衛生行政、後勤管理等。",國立臺北護理健康大學健康事業管理系的研究所升學比例、畢業出路與工...,https://guide.104.com.tw/career/schoolMajor/5037000000/340904/?exp=1,台北市醫院 13.4%在此就職 杏一醫療用品股份有限公司 桃園市其他醫療保健服務業 13.4%在此就職 財團法人醫院評鑑 暨 醫療品質策進會 新北市職業團體 12.4%在此就職 國泰醫療財團法人國泰綜合醫院 台北市醫院 11.3%在此就職 臺北市立萬芳醫院 台北市醫院 9.3%在此就職
護理學院,調理保健技術系,調理保健技術系 排名,516,412.8,82,⚔️ 全國戰役：製作【本校 vs 全台名校】優勢對照表,全台比拼,調理保健技術系 (科) Department of Acupressure Technology,https://apt.hwai.edu.tw/,2025-09-05 114學年度新生班級群組 2025-07-15 114-119年調理保健技術系評鑑通過 2025-06-20 114年度第1梯次民俗調理業傳統整復推拿技術士技能檢定術科測試報檢人日程表 2025-05-09 113學年度全國「物理治療師證照」榮譽榜,中華醫事科技大學調理保健技術系 (科)介紹-tun大學網,https://university.1111.com.tw/company.asp?sid=75&codeNo=1001000303,TUN大學網-整理中華醫事科技大學調理保健技術系(科)系所簡介、系所特色、招生資訊、畢業出路、錄取分數、註冊率、考古題，讓大學生深入了解調理保健技術系(科)特色、必備核心能力、相關證照到未來發展，引領學生從申請、面試備審、畢業求職一路暢通!,調理保健技術系 - 中華醫事科技大學板 | Dcard,https://www.dcard.tw/f/hwai/p/239999952,調理保健技術系 中華醫事科技大學 2022 年 9 月 15 日 20:22 我有堂妹想報名這個科系 好像是二技吧 來打聽一下這系的風評怎麼樣 拜託好心人能留言 中華醫事科技大學 愛心 2
護理學院,護理系,中華醫事 護理系 評價,412,329.6,50,❤️ 暖心溝通：建立校系認同感,社群,中華醫事科技大學護理系－心得評價－大學科系真心話－104升學就業地圖,https://guide.104.com.tw/career/schoolMajor/5117000000/720601/comment/,來自中華醫事科技大學護理系的同學評價，104升學就業地圖蒐集你想知道的科系就讀經驗與科系評價,[問題] 中華醫事科大評價 - 看板 Nurse - 批踢踢實業坊,https://www.ptt.cc/bbs/Nurse/M.1405389808.A.F97.html,我今年是五專醫檢畢業學生 剛好今年華醫第一屆舉辦非護理科可以報名護理系 雖然要讀三年 (其中一學期實習) 可是三年過去我也能考護理師執照 等於我多一條工作出路 想請問華醫護理在南部的風評好嗎? 因為我也對美容有興趣 有打算去考美容丙級 往醫美方向走 想問醫美有飽和嗎?薪水大概多少 ...,護理系 - 中華醫事科技大學,https://nursing.hwai.edu.tw/,2025-12-29 中華醫事科大護理系將於115年1月6日舉辦【生成式AI於護理與長照之應用與發展趨勢】研習會 2025-12-22 公告錄取寒假「智慧場域見習」學生名單及「遠距醫療照護科技應用」學生名單
護理學院,護理系,護理系 出路,402,321.6,80,✅ 資訊透明化：整理懶人包,資訊,陽明大學護理系許爾琪 - IOH 開放個人經驗平台,https://ioh.tw/talks/陽明大學護理系-許爾琪-erh-chi-hsu-tw-study-nymu-bde,爾琪解釋從護理系畢業後首要是先通過護理師國考，一般人接著會進入醫院工作兩年，後續的發展可分為進階護理、社區、研究三個方向，「進階護理」有考取專科護理師、麻醉護理師 ...,護理系除了臨床護理以外，還有哪些其他相關的職業方向？,https://giver.104.com.tw/question/0e1f8af1-7950-4bb9-b636-2482f2b6fc7b,2023年4月30日 · 擔任護理師、護理長、督導、居家護理師、語言治療師等臨床護理職務。 在大專院校任教或擔任學校護理人員。 經營護理之家、居家護理機構或坐月子中心。,國立臺北護理健康大學護理系- 升學就業 - 104職涯導航,https://guide.104.com.tw/career/schoolMajor/5037000000/720601/,學長姐從事職務Top10 ; 4. 專科護理師 (1.9%) ; 5. 國內業務 (1.8%) ; 6. 餐飲服務生 (1.6%) ; 7. 其他醫療人員 (1.4%) ; 8. 醫院行政管理人員 (1.2%).
護理學院,長期照顧經營管理系,嘉南藥理大學 長期照顧經營管理系 長期照顧經營管理系 比較,362,289.6,100,⚔️ 全國戰役：製作【本校 vs 全台名校】優勢對照表,全台比拼,高齡福祉養生管理系- 嘉南藥理大學 - 大學問,https://www.unews.com.tw/School/Department/73/1963,證照輔導：除照顧服務員考照外，可參加生命禮儀、銀髮族體適能指導員、銀髮保健芳療師等證照輔導，兼顧適性發展需求。 ... 就業職場：具備「居家服務督導員」及經營老人福利服務 ...,[PDF] 115 學年度五專優先免試入學招生簡章 - 嘉南藥理大學,https://www.cnu.edu.tw/d_files/52/docs/20260115143247.pdf,可報考國內外各醫護及生物科技相關科系，如護理系、護理助產及婦女健康系、醫護教育暨數位學. 習系、醫務管理系、長期照護學系、藥學系、公衛系等二技及插大。 2.畢業考取 ...,中華醫事科技大學長期照顧經營管理系的研究所升學比例,https://guide.104.com.tw/career/schoolMajor/5117000000/720620/?exp=5,學長姐都在哪些公司 · 綠的國際企業股份有限公司. 新北市建材／傢俱批發業 · 大樹醫藥股份有限公司. 桃園市藥品／化妝品及清潔用品零售業 · 仁 · 仁美牙醫診所. 高雄市診所 · 科 ...
護理學院,調理保健技術系,嘉南藥理大學 調理保健技術系 調理保健技術系 比較,294,235.2,99,⚔️ 全國戰役：製作【本校 vs 全台名校】優勢對照表,全台比拼,嘉南藥理大學 | CNU | 學術單位 | | 生活保健科技系 (原生活應用與保... 關於本系 - 嘉南藥理大學 食品科技系 嘉南藥理大學 生活保健科技系 課程介紹 - 嘉南藥理大學 生活保健科技系 嘉南藥理大學 | CNU | 學術單位 | | 食品科技系 (含五專) 嘉南藥理大學 | CNU,https://www.cnu.edu.tw/content-dept.asp?fid=9&sid=919&id=926,"為配合國家大健康產業升級，培育未來產業所需專業人才，本系結合本校「發酵試量產與產品開發實作場域」與「智慧健康產業技術研發與人才培育中心」的教學設備與資源，於112學年度奉教育部核准改名為「生活 保健 科技系」，以建構「食品保健與健康膳食」、「智慧健康生活」等特色課程為目標，培育大健康產業的專業人才，滿足大健康產業的人才需求。 See full list on cnu.edu.tw 本系的教學特色以「食品保健與健康膳食」、「智慧健康生活」為主軸，教導食品保健及健康膳食的專業知能，同時將智慧科技應用納入於健康管理及飲食營養管理，以智慧科技觀察、監控健康狀態，延伸至飲食紀錄、營養膳食設計與商品化、運動健身管理等，從而創造大健康產業之利基型人才優勢。本系課程規劃為： 1. 食品保健與健康膳食：教導食品製造、加工、檢驗分析、品質管理等原理及應用，認識保健食品的機能性成分與功效評估，學習發酵技術在食品工業與保健食品的應用，工業化量產及商品化，健康膳食的規劃與製作，健康廚藝等，以提升學生的職場競爭力。課程重視理論與實務的結合，培育學生具備應有之相關知識與基本技術，以符合產業相關專業與技術之人才需求。 2. 智慧健康生活：教導健康生活相關特色課程，例如健康促進活動、營養與疾病、照顧服... See full list on cnu.edu.tw 本系訓練學生，可提供未來食品保健領域及智慧健康領域等大健康產業所需之人才。學生畢業後可擔任健康管理師、保健食品行銷、營養膳食規劃人員、照顧服務員、坐月子中心照顧服務人員、專案管理師、芳療師、健康活動設計師、藥妝門市服務專員、連鎖通路經營管理專員、及從事相關活動規劃與教育訓練工作等。 See full list on cnu.edu.tw See full list on cnu.edu.tw 本 系 成立迄今已44年，由早期的食品衛生科、食品衛生 系 轉型至目前的食品科技 系 ，歷經審慎評估，及順應未來社會對食品產業需求之提升，目前教學及研究領域已整合成四大主軸，目前涵蓋：機能性食品功效評估、應用微生物及發酵食品、生物資源應用與分析 ... 2024Oct.29 恭賀! 113學年本系教師榮獲升等 𒀭𒀯 精選消息 嘉 南 藥 理 大學 生活 保健 科技 系 辦理「坐月子與藥膳 烹 飪技能班」職業訓練成果展 2024Oct.23 嘉 南 藥 理 大學 生活 保健 科技 系 辦理「坐月子與藥膳 烹 飪技能班」職業訓練成果展 榮譽與奬勵 Apr 11, 2025 · 𒀭𒀯𒀭 恭賀! 顏名聰教師 𒀭𒀯𒀭 .. 詳細內容 嘉南藥理大學 生活 保健 科技 系 辦理「坐月子與藥膳烹飪技能班」職業訓練成果展 2024/10/23 嘉 南 藥 理 大學 (Chia Nan University of Pharmacy ＆ Science)，簡稱嘉藥，於民國53年由創辦人結合醫藥界與教育界所籌創。 嘉藥的校訓為「真實」二字，為培育從事醫藥、衛生、 保健 、環境、休閒及管理等專業人才。 嘉 南 藥 理 大學 (Chia Nan University of Pharmacy ＆ Science)，簡稱嘉藥，於民國53年由創辦人結合醫藥界與教育界所籌創。 嘉藥的校訓為「真實」二字，為培育從事醫藥、衛生、保健、環境、休閒及管理等專業人才。",課程介紹 - 嘉南藥理大學 生活保健科技系,https://life.cnu.edu.tw/?.p=HjLE,"Apr 11, 2025 · 𒀭𒀯𒀭 恭賀! 顏名聰教師 𒀭𒀯𒀭 .. 詳細內容 嘉南藥理大學 生活 保健 科技 系 辦理「坐月子與藥膳烹飪技能班」職業訓練成果展 2024/10/23",關於本系 - 嘉南藥理大學 生活保健科技系,https://life.cnu.edu.tw/?.p=HjEr&.f=x002&.__id=P20180712142306060,100學年度將系發展方向確立為「養生保健」、「生活服務產業」，遵循本校「全人健康服務」的教育目標，以培育具備「生活保健服務」知能的專業人才，提昇生活應用保健服務產業 技術 與品質。
護理學院,長期照顧經營管理系,中華醫事 長期照顧經營管理系 評價,293,234.4,52,❤️ 暖心溝通：建立校系認同感,社群,中華醫事科技大學長期照顧經營管理系介紹-TUN大學網,https://university.1111.com.tw/company.asp?sid=75&pgtp=4&codeNo=1001000302,民國102年8月更名為「 長期 照顧 系 」，因應人口老化及高齡產業發展之需求與趨勢，於107年8月再更名為「 長期 照顧 經營 管理 系 」，旨於培育學生適才適用、具備「人文素養、醫護照顧、社區關懷與產業管理」能力的長期照顧領域專才。,中華醫事科技大學長期照顧經營管理系－心得評價－大學科系真心話－104...,https://guide.104.com.tw/career/schoolMajor/5117000000/720620/comment/,相似科系心得 南臺科技大學 高齡福祉服務 系 1 位學長姐發表了就讀心得 萬能科技大學 化妝品應用與 管理系 1 位學長姐發表了就讀心得 崑山科技大學 時尚展演事業 系 1 位學長姐發表了就讀心得,長期照顧經營管理系,https://ltm.hwai.edu.tw/,copyright@2019中華 醫 事 科技大學 CHUNG HWA UNIVERSITY OF MEDICAL TECHNOLOGY 交通資訊 : 71703台南市仁德區文華一街89號 總機:06-2674567轉591分機 版權所有 | 製作維護: 長期 照顧 經營 管理 系
護理學院,長期照顧經營管理系,長庚科大 長期照顧經營管理系 長期照顧經營管理系 比較,276,220.8,94,⚔️ 全國戰役：製作【本校 vs 全台名校】優勢對照表,全台比拼,註冊率98％居私立科大之冠！長庚科大突破少子化，成醫護人員培育搖籃,https://www.gvm.com.tw/article/91432,2022年7月1日 · 健全的財務和台塑集團的信譽，說明學校對永續經營的規劃，家長也都很放心。」 ... 長庚科大校內設置護理系國家級的考場「臨床技能中心」，每位同學需通過 ...,百大熱門科系出爐長庚科大獲最受歡迎護理系,https://newsletter.cgust.edu.tw/?p=11203,2025年2月12日 · 長庚科技大學近年來不僅與台灣大學合作，積極發展AI機器人社區長照，以緩解醫療照護缺乏之問題！今年長庚科技大學更自主研發「護理師考照專家機器人」，為學生 ...,長庚科技大學護理系－科系介紹 - 104職涯導航,https://guide.104.com.tw/career/schoolMajor/5145000000/720601/introduction/,長庚科大護理系辦學績優，深獲學生、家長與社會肯定：(1)所有系所通過台灣評鑑協會「專業學門教育認證」，系所教學品保機制佳。 (2)遠見雜誌「2020台灣最佳大學排行榜」私立 ...
護理學院,醫務暨健康事業管理系,醫務暨健康事業管理系 薪水 Dcard,268,214.4,93,🏆 數據權威：展示全台排名與國考優勢,數據,"請問醫務管理可以做什麼呢？（拜託進來救我） - 工作板 | Dcard 2026醫務暨健康事業管理系就業薪水收入－公開醫務暨健康事業管理系從... 醫管能做什麼? - 工作板 | Dcard 醫務管理學類-大學畢業生薪水收入、出路調查就在薪資公秤 【醫療業 薪水都領多少】 B75：職能治療師 薪資：50,001~53,000 真心... 醫療專業類人員年均薪(104人力銀行) - 醫事人員板 | Dcard 2026就業薪水收入－公開從事不同職務的薪資行情及畢業起薪 (大學起薪...",https://www.dcard.tw/f/job/p/241779909,"Apr 17, 2023 · 為何要讀研是因為跑去問老師，詢問了未來該如何面對，她說醫院的主管或是你要升遷至主管幾乎都要研究所（反正我自己聽感覺不讀研就會超少 薪水 ），然後還有看到有相關系的學姊（ D card 上）有這麼說過。 醫 務 暨 健康 事業 管理 系 從事不同職務的 薪水 收入：【平均年薪】、【薪資中位數】、【年薪範圍】、【畢業起薪】，查 薪水 查收入查待遇、新鮮人了解起 薪 談 薪水 跨出職涯成功第一步，請上104 薪 資情報。 Oct 28, 2016 · 管理師 薪水 也很低30000初 還要碩士 跟大學畢業起薪只差1000 好低薪可以 但實際上都很忙 又會被院方高層當狗幹 都比顧大門的保全低 去開清潔公司 保全 標醫院都賺很多 醫院清潔人員外包開一個人30500 有的開32000 但是清潔公司開25000 或基本工資而已 要55個。 大學生畢業出入 薪水 調查提供您 醫 務 管理 學類學生畢業後三年平均收入數據。 醫 務 管理學類包括 健康 事業 管理 系 、醫管系、醫療資訊與管理學系、醫療產業科技管理學系、醫療暨 健康 產業管理系、 醫 務 暨 健康 事業 管理 系 、醫 務 管理 暨醫療資訊學系。 【 醫療 業 薪水 都領多少】 B75：職能治療師 薪資：50,001~53,000 真心話：復健科醫師的生財工具 B36：藥師 薪資：60,001~70,000 真心話：白色巨塔演的都是真的，藥師內部也是 B69：醫檢師 薪資：50,001~60,000 真心話：#錢少 #做功德 #沒人知道... Sep 3, 2024 · 104 薪 資 情報透過 薪 資調查提供各行各業的最新 薪 資 報告－呈現每個職務在不同學歷、年資、地區、產業各面向的 薪水 待遇 (平均薪資、薪資中位數)及工作機會，還有大學生畢業起薪、碩士起薪！ 從事不同職務的 薪水 收入：【平均月薪】、【薪資中位數】、【月薪範圍】、【畢業起薪】，查 薪水 查收入查待遇、新鮮人了解起 薪 談 薪水 跨出職涯成功第一步，請上104 薪 資 情報。",2026醫務暨健康事業管理系就業薪水收入－公開醫務暨健康事業管理系從...,https://guide.104.com.tw/salary/major/340909?degree=3&cat=2015002000&salary=annual,醫 務 暨 健康 事業 管理 系 從事不同職務的 薪水 收入：【平均年薪】、【薪資中位數】、【年薪範圍】、【畢業起薪】，查 薪水 查收入查待遇、新鮮人了解起 薪 談 薪水 跨出職涯成功第一步，請上104 薪 資情報。,"醫管能做什麼? - 工作板 | Dcard 醫務管理學類-大學畢業生薪水收入、出路調查就在薪資公秤 【醫療業 薪水都領多少】 B75：職能治療師 薪資：50,001~53,000 真心... 醫療專業類人員年均薪(104人力銀行) - 醫事人員板 | Dcard 2026就業薪水收入－公開從事不同職務的薪資行情及畢業起薪 (大學起薪...",https://www.dcard.tw/f/job/p/225079205,"Oct 28, 2016 · 管理師 薪水 也很低30000初 還要碩士 跟大學畢業起薪只差1000 好低薪可以 但實際上都很忙 又會被院方高層當狗幹 都比顧大門的保全低 去開清潔公司 保全 標醫院都賺很多 醫院清潔人員外包開一個人30500 有的開32000 但是清潔公司開25000 或基本工資而已 要55個。 大學生畢業出入 薪水 調查提供您 醫 務 管理 學類學生畢業後三年平均收入數據。 醫 務 管理學類包括 健康 事業 管理 系 、醫管系、醫療資訊與管理學系、醫療產業科技管理學系、醫療暨 健康 產業管理系、 醫 務 暨 健康 事業 管理 系 、醫 務 管理 暨醫療資訊學系。 【 醫療 業 薪水 都領多少】 B75：職能治療師 薪資：50,001~53,000 真心話：復健科醫師的生財工具 B36：藥師 薪資：60,001~70,000 真心話：白色巨塔演的都是真的，藥師內部也是 B69：醫檢師 薪資：50,001~60,000 真心話：#錢少 #做功德 #沒人知道... Sep 3, 2024 · 104 薪 資 情報透過 薪 資調查提供各行各業的最新 薪 資 報告－呈現每個職務在不同學歷、年資、地區、產業各面向的 薪水 待遇 (平均薪資、薪資中位數)及工作機會，還有大學生畢業起薪、碩士起薪！ 從事不同職務的 薪水 收入：【平均月薪】、【薪資中位數】、【月薪範圍】、【畢業起薪】，查 薪水 查收入查待遇、新鮮人了解起 薪 談 薪水 跨出職涯成功第一步，請上104 薪 資 情報。"
護理學院,調理保健技術系,中華醫事 調理保健技術系 評價,249,199.2,48,❤️ 暖心溝通：建立校系認同感,社群,youtube.com/watch?v=vrdXD90mxnE,https://www.youtube.com/watch?v=vrdXD90mxnE,,看臉新時代！ 盤點台灣顏值科 技 -環球生 技 月刊,https://news.gbimonthly.com/tw/article/show.php?num=47254,臺灣整形 技 術 的奠基，根源於臺灣整形外科之父羅慧夫(Dr. Samuel Noordhoff)，他於1959年以 醫 療宣教士身分來臺，擔任馬偕 醫 院院長，陸續設立全臺第一個加護病房、燒燙.,筋膜刀與情緒釋放的關聯性 | TikTok,https://www.tiktok.com/@rumassage/video/7296075082508668165,"Keywords: 筋膜刀 技 術 教學, 深層筋膜情緒釋放, 中 華 醫 事 科 技 大學課程, 運動按摩 技 巧, 新竹筋膜刀進修, 黃月珠助 理 教授講座, 筋膜治療疼痛, 健 康 保 健 技 術 , 學習筋. 膜刀效果, 進修提升專業 技 能. 此資訊為 AI 所產生，且可能回傳不相關的結果。 其不代表 TikTok 的觀點或建議。"
護理學院,調理保健技術系,調理保健技術系 薪水 Dcard,238,190.4,95,🏆 數據權威：展示全台排名與國考優勢,數據,中華醫事科技大學調理保健技術系(科)介紹 - TUN 大學網,https://university.1111.com.tw/company.asp?sid=75,TUN大學網-整理中華醫事科技大學調理保健技術系 ... 薪水計算方式（目前政府規定基.... 選課輔系秘技 · 問:雙主修、實習、輔系怎麼才能1 ...,調理保健系是什麼？ - 閒聊板 - Dcard,https://www.dcard.tw/f/talk/p/230834161,2019年3月7日 · 只是這是勞力活，在北部或市區會有蠻不錯的待遇（前提是技術要好，理論要通會表達也會技術），因為在現今年代，人們有許多文明病，各種肌肉緊繃骨骼因長期姿勢 ...,芳療師的工作與迷思 - Dcard,https://www.dcard.tw/f/job/p/228812060,2018年5月3日 · 這邊我不談薪水、工作時間…，我們談談這個工作的本身，----------手機排版、文長慎入---------，芳療師=美容師？芳療師=按摩師？想驗芳療？芳療是什麼？
護理學院,長期照顧經營管理系,南開科大 長期照顧經營管理系 長期照顧經營管理系 比較,226,180.8,100,⚔️ 全國戰役：製作【本校 vs 全台名校】優勢對照表,全台比拼,南開科技大學南開 長期照顧與管理系 | 首頁,https://nkltcm.nkut.edu.tw/,2025-12-052025年第十屆全國高中職銀髮族樂活創意設計與生命故事製作競賽 【決賽入選名單暨決賽流程表】 2025-07-09114年6月28日，本系與南投縣社工師公會合辦社會福利論壇，邀請衛生福利部呂建德次長蒞臨演講。 2025-04-23恭喜以下同學成功考取114年第一梯次照顧服務員單一級證照之合格名單! 閱讀更多 ...,南開科技大學長期照顧與管理系－科系介紹、課程與相關科系－104升學就業地圖,https://guide.104.com.tw/career/schoolMajor/5139000000/760204/introduction/,"學雜費 NT$48,455元／學期 師生比 5.89 興趣類型 社會型、企業型、研究型（S、E、I） 學系地址 54243南投縣草屯鎮中正路568號 相關連結 科系官網 大學問 本系以「長期照顧」與「社會工作」雙軸並進，培養尊重生命之長期照顧及社會工作專業人才，要求學生畢業之際取得照顧服務員國家證照及社工員 ...",南開科技大學 長期照顧與管理系 | 大學問 - 升大學 找大學問,https://www.unews.com.tw/NewSchool/Department/108/2799,學系介紹 南開科技大學長期照顧與管理系以「長期照顧」與「社會工作」雙軸並進，培養尊重生命之長期照顧及社會工作專業人才，要求學生畢業之際取得照顧服務員國家證照及社工員專業資格，紮實訓練第一線工作的基本能力，進而走向專業管理的高階領域。
醫事學院,視光系,中山醫學大學 視光系 視光系 比較,1778,1422.4,100,⚔️ 全國戰役：製作【本校 vs 全台名校】優勢對照表,全台比拼,中山醫學大學視光學系,https://optometry.csmu.edu.tw/,最新消息 研討會 專題演講 實驗室 碩士班 特別演講-隱形眼鏡的藍海-114.12.23 中山醫學大學65週年校慶『視光系友回娘家暨繼續教育訓練』-114.11.09 【國際交流】114年河內醫科大交流參訪計畫 開始申請報名!!!-114.09.04 【獎學金】114學年度獎助學金申請公告-114.08.22,中山醫學大學 視光學系 陳博昊 | Ioh 開放個人經驗平台,https://ioh.tw/talks/中山醫視光系-陳博昊-tw-study-csmu-bde,成為大眾視力健康的守護者 陳博昊現就讀於中山醫學大學視光學系研究所，同時也是一名驗光師，他在高中指考時因為想從事醫事人員，誤打誤撞進入中山醫學大學視光學系，大學四年的學習讓他對視光系從陌生轉為熱愛。個性陽光的他不只活躍於系上各式活動，擔任過系學會會長、營隊負責人 ...,中山醫學大學 視光學系 | 大學問 - 升大學 找大學問,https://www.unews.com.tw/School/Department/77/2051,1.中山醫學大學視光學系為國內首創唯一大學層級的視光學系。2.教學內容根據美加、紐澳各大名校視光學院課程，培育本土視光專業人才。3.延攬國內外視光學者，具有視光專業師資。4.具有設備完善的視光專業實驗室及配鏡實驗室。5.大二、大三教學著重專業領域，例如：視覺光學、視光學 ...
醫事學院,製藥工程系,實踐大學 製藥工程系 製藥工程系 比較,1730,1384.0,100,⚔️ 全國戰役：製作【本校 vs 全台名校】優勢對照表,全台比拼,中華醫事科技大學製藥工程系 (科)介紹-tun大學網 - 1111,https://university.1111.com.tw/company.asp?sid=75&pgtp=4&codeNo=1001000205,TUN大學網-整理中華醫事科技大學製藥工程系(科)系所簡介、系所特色、招生資訊、畢業出路、錄取分數、註冊率、考古題，讓大學生深入了解製藥工程系(科)特色、必備核心能力、相關證照到未來發展，引領學生從申請、面試備審、畢業求職一路暢通!,中華醫事科技大學製藥工程系的研究所升學比例、畢業出路與工作職務－104升學就業地圖,https://guide.104.com.tw/career/schoolMajor/5117000000/720326/?exp=10,104升學就業地圖整理了中華醫事科技大學製藥工程系的畢業出路，包含就業薪資與升學念研究所的國家。,製藥工程系？! - Mobile01,https://www.mobile01.com/topicdetail.php?f=651&t=5525708,各位大大好會發在這版 是因為覺得各位大大有出過社會 可能比較懂 若有不符請告知 謝謝小弟目前就讀英文系暑假有考轉學考 剛好有中華醫事科技大學的製藥工程系這個選擇由於這個系網路上資訊不多所以想請問各位前輩這個系 以後出來跟英文系 哪個好 ？謝謝🙏...(職場甘苦談 第1頁)
醫事學院,語言治療系,耕莘專校 語言治療系 語言治療系 比較,1684,1347.2,100,⚔️ 全國戰役：製作【本校 vs 全台名校】優勢對照表,全台比拼,選才育才輔助系統-學系比較 - ColleGo!,"https://collego.edu.tw/Highschool/DepartmentCompare?ids=152005,026004",本學系之創立，主要因應聽力語言科學學制的建立及發展，另因我國人口迅速老化，輔以生活型態的變遷，溝通障礙族群包括聽力障礙、語言遲緩、唇顎裂、聲帶病變、腦傷、腦中風、失 ...,[PDF] 語言治療與聽力學系自我評鑑報告,https://searea.hk.edu.tw/wp-content/uploads/2023/03/70_a60679be.pdf,目錄. 壹、摘要. P.1. 貳、導論. P.3. 参、系所之歷史沿革. P.3. 肆、自我評鑑過程. P.7. 伍、自我評鑑之結果. P.9. 項目一：系所發展經營與特色. P.9. 一、現況描述.,選才育才輔助系統-學系比較 - ColleGo!,"https://collego.edu.tw/Highschool/DepartmentCompare?ids=134015,026004","1. 學生畢業後考取「語言治療師」專技高考證照, 從事語言治療及吞嚥治療工作. 2. 學生畢業後考取「聽力師」專技高考證照, 從事聽力評估, 助聽器選配, 及聽能復健工作. 3."
醫事學院,醫學檢驗生物技術系,育英醫專 醫檢系 醫學檢驗生物技術系 比較,1378,1102.4,98,⚔️ 全國戰役：製作【本校 vs 全台名校】優勢對照表,全台比拼,育英醫護管理專科學校 - 維基百科，自由的百科全書,https://zh.wikipedia.org/zh-tw/育英醫護管理專科學校,5 days ago - 育英醫護管理專科學校（英語：Yuh-Ing Junior College of Health Care and Management），簡稱育英醫專。於2003年改制為五年制專科學校，現有三科:「護理科」、「老人健康服務事業管理科」、「化妝品應用與管理科」，學校位於臺灣...,育英醫專 (@yuhinghealthcare) • Instagram photos and videos,https://www.instagram.com/yuhinghealthcare/,"812 Followers, 2,119 Following, 255 Posts - 育英醫專 (@yuhinghealthcare) on Instagram: ""💙育英醫護管理專科學校💙 ➡️科系： 💗護理科👩🏻⚕️👨🏻⚕️💉 ❤️老人健康服務事業管理科👴🏻👵🏻🌸 💛化妝品應用與管理科💄...",輔英科技大學 - 醫學檢驗生物技術系 ∥ 技專校院招生策略委員會｜四技、二技、二專、五專招生宣導網站,https://www.techadmi.edu.tw/depinfo.php?seq=4702,落實技術本位的醫檢教育，奠定學生專業基礎的知能與技術，著重實驗儀器的操作，以及各項檢驗技術的實際演練，做為進入職場前之技術訓練養成教育。並與全國30所教學醫院建教合作，強化本系實務教學與提供實習場域...
醫事學院,醫學檢驗生物技術系,美和科大 醫檢系 醫學檢驗生物技術系 比較,1352,1081.6,100,⚔️ 全國戰役：製作【本校 vs 全台名校】優勢對照表,全台比拼,公共衛生師考試注意事項 - 醫學檢驗生物技術系,https://mt.ctust.edu.tw/var/file/4/1004/img/290195642.pdf,本系開課. 開課. 科系. 學制. 科目類別. （必修/選修）. 學分/時數六大領域. 醫檢系日二技流行病學. 2/2. 二、流行病學. 醫檢系日二技醫師病人與社會. 2/2. 一、公共衛生綜論.,【第三類組科系介紹】醫藥衛生學群/科系排名/平均最低錄取分數(醫學系 ...,https://transfertest.pixnet.net/blog/posts/11400813793,第三類組科系│醫學檢驗暨生物技術學系. ·醫檢系介紹. 醫學檢驗暨生物技術學類 ... 比較多元. ·醫檢系排名/最低錄取分數. 111分科成績單科平均成績做排名。僅供 ...,[PDF] 問責報告 - 校務研究暨規劃室 - 輔英科技大學,https://fir.fy.edu.tw/var/file/12/1012/img/20/420521352.pdf,"醫學檢驗生物技術系. 146,190. 醫學檢驗生物技術系(碩士班). 116,983. 醫學檢驗生物技術科(1~3 年). 81,475. 醫學檢驗生物技術科(4~5 年). 102,095. 物理治療系. 146,190."
醫事學院,生物醫學及美容保健系,靜宜大學 生物醫學及美容保健系 生物醫學及美容保健系 比較,1330,1064.0,98,⚔️ 全國戰役：製作【本校 vs 全台名校】優勢對照表,全台比拼,Code of Professional Conduct (Chinese Version) 2022,https://www.mchk.org.hk/tc_chi/code/files/Code_of_Professional_Conduct_(Chinese_Version)_2022.pdf,第 I 部分 A. 引言 B. 香港 醫 務委員會的角色 C. 醫 學 倫理國際守則 D. 《日內瓦宣言》. 第 II 部 分 專業操守 及 責任 專業上的失當行為 A. 對病人的專業責任. 1. 醫 療記錄 及 資料 保 密 2. 徵求病人同意接受治療的原則 3. 終止 醫 生 與病人的關係 4. 醫 生 的 健 康情況.,ITB002,https://www.itib.gov.hk/assets/files/itb-c.pdf,評審委員會已邀請 大 學 提交第三輪的提名預計於今年第二季 內審議有關提名。 第 15 節 ITB - 第 1 頁.此外中心亦與業界合作開發行業體驗歷程利用 VR給 學 生 體驗行業的專業工作環境如與中電合作開發的高空電塔工作 體驗。,霍金與病魔搏鬥半個世紀 他的病到底有多難治 - BBC News 中文,https://www.bbc.com/zhongwen/trad/science-43405216,根據英國全民 醫 療 保 健 系 統（NHS）網站介紹，MND是一種並不常見的疾病。 它主要影響 大 腦和神經，引起肌肉衰弱和萎縮，隨著發病時間的推移逐漸嚴重。
醫事學院,語言治療系,語言治療系 排名,1228,982.4,82,⚔️ 全國戰役：製作【本校 vs 全台名校】優勢對照表,全台比拼,語言治療系排名、語言治療系分數、語言治療系科大在PTT、社群、論壇上的各式資訊、討論與評價,https://breakfast.urinfotw.com/keywords/語言治療系排名,"語言治療系排名PTT、社群、論壇上的各式資訊、討論與評價, 提供語言治療系分數、語言治療系科大、語言治療系二技就來早午餐推薦評價懶人包，有最完整語言治療系排名體驗分享訊息",語言治療系排名 關於醫學院、系的排名 | 藥師+,https://find.pharmacistplus.com/to/14484177,關於醫學院、系的排名 依以下排行參考之校名系組名最低錄取分數長庚大學醫學系570.27 *比重 ... 醫學檢驗暨生物技術學系物理治療學系職能治療學系語言治療與聽力學 ...,各校語言治療系的錄取分數 - 考試板 | Dcard,https://www.dcard.tw/f/exam/p/236364390,我已經畢業了 以前的學測跟現在好像不太一樣 五科總分60給你參考 可以上中山醫馬偕請趕快去 我承認我就是上不了 (個人覺得中山醫老字號人脈廣 但馬偕訓練紮實!) 我們系主任算是聽語界大佬 教學蠻用心的 資源設備也算齊全 如果不是主任 亞大真的沒什麼吸引力 目前在找工作覺得沒有特別差異 ...
醫事學院,製藥工程系,嘉南藥理大學 製藥工程系 製藥工程系 比較,1212,969.6,97,⚔️ 全國戰役：製作【本校 vs 全台名校】優勢對照表,全台比拼,國立成功 大 學 藥 學 系 - 108年 大 學 | 科 大 交叉查榜-www.com.tw,https://www.com.tw/cross/check_004332_NO_1_108_0_3.html,中國醫 藥 大 學 藥 學 系 . 臺北醫 學 大 學 藥 學 系 藥 學 組. 國立臺灣科技 大 學 材料科 學 與 工 程 系 . 嘉 南 藥 理 大 學 藥 學 系 .高雄醫 學 大 學 藥 學 系 . 義守 大 學 醫 學 系 (公費生). 嘉 南 藥 理 大 學 藥 學 系 .,108 學 年度各校 系 科(組)、 學 程 科目採計權重資料,https://www.jctv.ntut.edu.tw/downloads/108/union42/108union42quota.pdf,崑山科技 大 學 . 崑山科技 大 學 . 嘉 藥 學 校財團法人 嘉 南 藥 理 大 學 . 樹德科技 大 學 .械 工 程 系 機械 工 程 系 機電組 動力機械 工 程 系 車輛 工 程 系 飛機 工 程 系 機械組 輪機 工 程 系 造船及海洋 工 程 系 機械 工 程 系 自動化控制組 機械 工 程 系 先進.,【實習心得】103年暑期實習生 嘉 南 藥 理 大 社 工 系 郭盛偉,https://hotline.org.tw/blog/500,【實習心得】103年暑期實習生 嘉 南 藥 理 大 社 工 系 郭盛偉. 全部. 工 作隨筆. 活動側記. 熱線精選.
醫事學院,醫學檢驗生物技術系,醫學檢驗生物技術系 排名,1194,955.2,83,⚔️ 全國戰役：製作【本校 vs 全台名校】優勢對照表,全台比拼,醫 學 檢 驗 暨 生 物 技 術 學 系,https://www.mc.ntu.edu.tw/clsmb/Fpage.action?muid=761&fid=452,"醫 學 檢 驗 暨 生 物 技 術 學 系 ,National Taiwan University College of Medicine.關於香港理工大 學 醫 療科 技 及資訊 學 系 .",元培 醫 事科創校60週年 校友 系 列( 醫 學 檢 驗 生 物 技 術 系 ) - YouTube,https://www.youtube.com/watch?v=96jEnySpfy8,,中山 醫 學 大 學 醫 學 檢 驗 暨 生 物 技 術 學 系 林晏德 | IOH 開放個人經 驗 平台,https://ioh.tw/talks/中山醫醫技系-林晏德-tw-study-csmu-bde,關於講者. Yan-De Lin 林晏德，就讀於中山 醫 學 大 學 醫 學 檢 驗 暨 生 物 技 術 學 系 ，預計於 2019 年畢業。
醫事學院,視光系,馬偕醫學院 視光系 視光系 比較,1144,915.2,100,⚔️ 全國戰役：製作【本校 vs 全台名校】優勢對照表,全台比拼,走入新視界：視光系大公開！ - Google Sites,https://sites.google.com/mmc.edu.tw/story/視光學系/談談視光這條路/走入新視界視光系大公開,此外， 馬 偕 醫學 院 擁有需多專業豐富的學習資源，對於 視 光 的養成也很嚴謹，加上當時面試時老師詳細的介紹科系及校園環境讓我和家人倍感親切詳細，於是在面試結果公布時，我毫不猶豫地選擇了 馬 偕 醫學 院 視 光 學系 ，現在也如願以償在這漫漫長路探索學習中。,#發問 馬偕醫視光 vs 中山醫視光 - 問答板 | Dcard 馬偕醫學大學 視光學系 - Department of Optometry 馬偕醫學院視光學系－科系介紹、課程與相關科系－104升學就業地圖 馬偕學校財團法人-馬偕醫護管理專科學校 視光學科,https://www.dcard.tw/f/ask/p/241251391,"Feb 17, 2023 · 食物：學餐不好吃，但可以騎車下山買東西吃，學校有小7的販賣機，可是一直下雨可能也不會想騎車下山。 風氣：人數少，所以很像高中生活。 師資：我覺得 馬偕 的師資普遍都還不錯，也都蠻關心學生的 本 系 為全台灣第一所隸屬於醫學 院 內的 視 光 學系 ，落實基礎科學、基礎醫學、臨床視光與跨領域課程整合，培育具馬 偕 博士奉獻精神之 視 光 專業人才，提供學生「身、心、靈完整醫治」之全人醫學教育。 師生比 11.8 興趣類型 研究型、實作型、社會型（I、R、S） 學系地址 25245新北市三芝區中正路3段46號 相關連結 科系官網 ColleGo 大學問 為全國第一所直屬於醫學院體系內的 視 光 學系 ，在以醫學院為主體的教育體制下，將基礎科學、基礎醫學與臨床醫學 視 光教育 ... 馬 偕 醫學 院 於111學年度設立 視 光 學系 ，於112學年度招生第一屆大學學生。 未來亦有設立二技 視 光 的規劃，若順利設立，可於台北地區報考二技銜接就學，接續完成學士訓練。",馬偕醫學院視光學系－科系介紹、課程與相關科系－104升學就業地圖,https://guide.104.com.tw/career/schoolMajor/5154000000/720713/introduction/,師生比 11.8 興趣類型 研究型、實作型、社會型（I、R、S） 學系地址 25245新北市三芝區中正路3段46號 相關連結 科系官網 ColleGo 大學問 為全國第一所直屬於醫學院體系內的 視 光 學系 ，在以醫學院為主體的教育體制下，將基礎科學、基礎醫學與臨床醫學 視 光教育 ...
醫事學院,寵物照護與美容系,弘光科大 寵物照護與美容系 寵物照護與美容系 比較,1022,817.6,95,⚔️ 全國戰役：製作【本校 vs 全台名校】優勢對照表,全台比拼,youtube.com/watch?v=_argNAl_5AU,https://www.youtube.com/watch?v=_argNAl_5AU,,【 寵 物 旅館】 寵 物 寄放該選哪？ 台北 10... - HouseFeel 房感,https://www.housefeel.com.tw/article/寵物旅館-寵物美容-寵物寄宿-寵物寄放-寵物評鑑/,W SPA 寵 物 旅館.台北市特定業 寵 物 評鑑「特優」. D&Y不僅提供 寵 物 旅館服務，還有協助狗狗中途，尤其在旅館住宿方面，老闆堅持提供毛小孩 24 小時專業 照 顧，確保狗狗身旁有 寵 物 保姆，而且會隨時記錄、,黏人貓咪告訴您牠需要被關注 | 希爾思 寵 物 | Hill's Pet Nutrition,https://www.hills.com.tw/cat-care/behavior-appearance/needy-cat-seeking-attention,給新手犬貓 寵 物 家長. 新手貓咪 寵 物 家長懶人包. 閱讀貓咪 照 護 相關文章資訊. 依品牌類別選擇. 處方食品 (Prescription Diet). 寵 物 食品 (Science Diet).
醫事學院,寵物照護與美容系,嶺東科大 寵物照護與美容系 寵物照護與美容系 比較,998,798.4,99,⚔️ 全國戰役：製作【本校 vs 全台名校】優勢對照表,全台比拼,展現跨域實力 嶺東科大企管系張筑媗勇奪韓國寵物美容國際賽冠軍,https://tw.news.yahoo.com/展現跨域實力-嶺東科大企管系張筑媗勇奪韓國寵物美容國際賽冠軍-104657434.html,"May 8, 2025 · 嶺 東 科技大學 近年來推廣跨領域學習，日前商管學院企業管理 系 一年級學生張筑媗參加「第4屆韓國 寵物 藝術文化 美容 大賽」，勇奪冠軍，從多國選手 ...",展現跨域實力 嶺東科大企管系張筑媗 勇奪韓國寵物美容國際賽冠軍 – 資...,https://taidaily.com/2025/05/08/540441/,"May 8, 2025 · 張育誠指出，這場比賽不僅是技術競賽，更是文化與專業的交流盛會，看到台灣學生能在其中大放異彩，讓他深感榮耀。 嶺 東 科大 企管 系 向來重視學生實作與業界接軌能力，除常態課程外，亦與業界合作提供實習、創業輔導及競賽資源。",展現跨域實力 嶺東科大企管系張筑媗勇奪韓國寵物美容國際賽冠軍,"https://www.ltu.edu.tw/p/406-1000-16053,r11.php?Lang=zh-tw","May 9, 2025 · 「我們需要更多像筑媗一樣的年輕人，懂技術、也懂市場，這將是台灣 寵物 產業走向國際的關鍵力量。 」 嶺 東 科大 企管 系 向來重視學生實作與業界接軌能力，除常態課程外，亦與業界合作提供實習、創業輔導及競賽資源。"
醫事學院,生物醫學及美容保健系,生物醫學及美容保健系 排名,932,745.6,84,⚔️ 全國戰役：製作【本校 vs 全台名校】優勢對照表,全台比拼,13家政群生活應用類群錄取分數排行榜- 113年科大四技二專甄選入學查榜,https://www.com.tw/vtech/groupid_13_113.html,元培醫事科技大學 醫學檢驗生物技術系 (畢業出路). 國文(8) 專一專二(17) ... 美和科技大學 美容系保健造型設計組 (畢業出路). 國文英文數學(11) 專一專二(21) ...,[PDF] 111學年度五專優先免試入學招生各校系科(組)最低錄取標準(一般生),https://www.jctv.ntut.edu.tw/downloads/111/u5/111_TP01.pdf,22501 中華醫事科技大學. 幼兒保育科. 72.6. 21. 3. 26. 0. 15. 7.6. 15. 0. B. C. C. B. C 4級分. 22502 中華醫事科技大學. 生物醫學及美容保健科. 63.5. 21. 2.5. 25. 0.,10衛生與護理類群錄取分數排行榜- 108年科大四技二專甄選入學查榜,https://www.com.tw/vtech/groupid_10_108.html,元培醫事科技大學 健康休閒管理系健康保健組 (畢業出路). 總級分(21). (225002). 中華醫事科技大學 醫學檢驗生物技術系 (畢業出路). 總級分(27). (225004). 中華醫事科技 ...
醫事學院,製藥工程系,製藥工程系 排名,924,739.2,85,⚔️ 全國戰役：製作【本校 vs 全台名校】優勢對照表,全台比拼,10衛護群錄取分數排行榜- 110年四技二專登記分發查榜-www.com.tw,https://www.com.tw/techreg/groupid_10_110.html,崑山科技大學 環境工程系 (畢業出路). 10衛護 各科加權. 0.00 / 0.00. (10042). 聖 ... 中華醫事科技大學 製藥工程系 (畢業出路). 10衛護 各科加權. 0.00 / 0.00. (10071).,05化工群群錄取分數排行榜- 109年科大四技二專甄選入學查榜,https://www.com.tw/vtech/groupid_05_109.html,中華醫事科技大學 醫學檢驗生物技術系 (畢業出路). 總級分(26). (225019). 中華醫事科技大學 製藥工程系 (畢業出路). 總級分(22). (232010). 美和科技大學 生物科技系 ( ...,選才育才輔助系統-學系比較 - ColleGo!,"https://collego.edu.tw/Highschool/DepartmentCompare?ids=007007,007016",在2024與2025年的Nature Index（自然指數）分析中，本學系連續在台灣之化學領域排名第五名，私立大學之首。 ... 其他如製藥工程系、中國藥學暨中藥資源學系、微生物免疫與生物 ...
醫事學院,視光系,視光系 排名,892,713.6,75,⚔️ 全國戰役：製作【本校 vs 全台名校】優勢對照表,全台比拼,全台視光系招生資訊一覽！成為驗光師的不二首選,https://www.soeyewear.com/Article/Detail/711,國內目前開設視光科系一共有11 間大專院校： · 中山醫學大學、中臺科技大學、中華醫事科技大學、元培科技大學、新生醫護管理專科學校、樹人醫護管理專科學校、馬偕醫護管理 ...,視光學系排名- 醫事人員板 - Dcard,https://www.dcard.tw/f/med/p/257450509,2024年12月8日 · 我現在是視光學科在校生，有插大升學的想法，想請問各位學長學姐及業界的哥哥姐姐們，對於各視光系大學的感覺與想法，對於現在我的所知道的中山醫學大學是 ...,亞洲大學視光學系,https://opt.asia.edu.tw/,走進日本眼鏡重鎮亞洲大學視光學系深化日系產學鏈結 · 亞大視光國際化再進擊！ · 亞大獲THE「2026世界最佳大學」排名，全台並列第3名、私大第2 · 亞大視光系驗光師國考通過率再 ...
醫事學院,語言治療系,弘光科大 語言治療系 語言治療系 比較,844,675.2,100,⚔️ 全國戰役：製作【本校 vs 全台名校】優勢對照表,全台比拼,念企業最愛弘光科大學專業、更有出路,https://www.hk.edu.tw/2024/05/好時尚！美髮系學生協助2024臺北時裝週妝髮造型/,2024年5月7日 · 二、國考通過率高於全國：近三年，弘光科大畢業生的護理師、物理治療師、語言治療師等國考通過率皆高於全國通過率。 公用一：米其林三星主廚林恬耀（左四）、 ...,弘光物治V.S華醫語治- 升大學考試板 - Dcard,https://www.dcard.tw/f/freshman/p/229159853,2018年6月28日 · 幫我妹妹問一下大家的意見，如果進弘光科技大學物理治療系和中華醫事科技大學語言治療系，要選哪一系比較好？ 選系的話會選語言治療，但怕就算考到語治師執照 ...,弘光科技大學語言治療與聽力學系－科系介紹 - 104職涯導航,https://guide.104.com.tw/career/schoolMajor/5090000000/720404/introduction/,本系規劃的課程包含以下領域: 首先為基礎醫學課程及養成教育，包括語言治療與聽力學基礎學科。而後為語言治療和聽力學領域之專業課程，內容以各領域中各類語言治療與聽力科學 ...
醫事學院,生物醫學及美容保健系,中華醫事 生物醫學及美容保健系 評價,842,673.6,49,❤️ 暖心溝通：建立校系認同感,社群,看臉新時代！ 盤點台灣顏值科技-環球 生 技月刊,https://news.gbimonthly.com/tw/article/show.php?num=47254,除了大量 醫 師湧入 醫 美 領域外，與 美 容 、SPA相關的概念股公司，在近年也積極跨足到 醫 學 美 容 ，麗豐-KY(4137)就積極開設 醫 美 及 抗衰老診所，提高營運規模，目前.,醫 上的代作決定 及 預設 醫 指示,https://www.hkreform.gov.hk/tc/docs/rdecision-c.pdf,4 美 國總統轄下的研究在 醫 學 以 及 生 物 醫 學 和為 學 研究範疇 中 出現的問題委員會的.英國 醫 學 會的《提供 及 撤去延長 生 命治的指引》. 5.24. 英國 醫 學 會有明 醫 生 在恰當地 評 估病人是否具有精神上.,醫 美 診所怎麼選？ 12...,https://www.kimbeauty.com.tw/beauty-articles/kimbeauty/3816/,PTT: 台灣最大的討論區之一，特別是 美 容 板、 美 妝板和 醫 美 板，提供大量關於 醫 美 診所的 評 價 和討論。Dcard: 年輕人常用的社群平台，設有 美 容 保 養、 醫 美 討論區，可以看到許多使用者的真實經驗分享。Mobile01: 主要討論各類科技產品，但也有 美 容 保 養區，提供 醫 美 診所的 評 價 和經驗分享。
醫事學院,語言治療系,語言治療系 出路,796,636.8,85,✅ 資訊透明化：整理懶人包,資訊,未來出路 - 亞洲大學聽力暨語言治療學系,https://audslp.asia.edu.tw/zh_tw/future,2026年1月21日 · 通過後能取得「語言治療師」及「聽力師」專技高考證照，進入職場執業。 臺灣聽語人力不足，就業市場需求大，畢業生平均就業率近100%，月薪資平均約5-6萬元。,未來職場發展趨勢 - 聽力暨語言治療學系- 馬偕醫學大學,https://aud-slp.mmc.edu.tw/career.asp,在一般綜合醫院之聽力師及語言治療師等臨床服務。 · 在公私立復健醫院，從事聽力及語言復健等臨床服務。 · 在民間助聽器公司，做助聽器選配。 · 在民間之聽力語言基金會（例如 ...,「語言治療與聽力學系」最新找工作職缺｜2026年1月 - 104人力銀行,https://www.104.com.tw/jobs/search/?keyword=語言治療與聽力學系,語言治療師 ... 1.工作內容：語言治療相關業務。 2.工作時間：週一至週五8:00~17:00。週休二日。 3.單位工作氣氛佳，與OT、PT有多專業之合作模式，自主性排課，有獨立的治療室。
醫事學院,製藥工程系,中華醫事 製藥工程系 評價,724,579.2,48,❤️ 暖心溝通：建立校系認同感,社群,CONTENTS,https://www.crpharm.com/EN/FinancialReports/2024-10-23/9fb59b80-e7a9-4071-841e-6d71668f012b.pdf,"The Action Plan for the High-quality Development of the Pharmaceutical Industry (2023-2025) (《 醫 藥 工 業 高 質 量 發 展 行 動 計 劃 (2023–2025 年 )》) issued in 2023 aims to strengthen the resilience and modernisation of the pharmaceutical industry, promote the development of innovative...",中 華 醫 事 科技大學 - 107年四技二專登記分發榜單查詢-www.com.tw,https://www.com.tw/techreg/university_225_107.html,中 華 醫 事 科技大學. 回其它學校. 製 藥 工 程 系 . 四技分發查榜. 10衛護.,石 藥 與阿斯利康訂合作協議 獲預付款12億美元,https://www.bastillepost.com/hongkong/article/15624348-石藥與阿斯利康訂合作協議-獲預付款12億美元,石 藥 集團(01093)宣佈與全球生物 製 藥 領導者阿斯利康簽訂戰略研發合作與授權協議，石 藥 將獲得12億美元預付款。石 藥 創新昨天已遞交上市申請，由 中 信証券擔任獨家保薦人。 該公司專注於生物 製 藥 、功能性原料及保健食品的研發、生產與商業化。
醫事學院,製藥工程系,弘光科大 製藥工程系 製藥工程系 比較,724,579.2,97,⚔️ 全國戰役：製作【本校 vs 全台名校】優勢對照表,全台比拼,弘光科技大学 - 维基百科，自由的百科全书,https://zh.wikipedia.org/zh-hans/弘光科大,"弘光科技大学校园景色 校内坡道 财团法人弘光科技大学 （英语： Hungkuang University， HKU），简称 弘光科大，是一所位于 台湾 台中市 沙鹿区 的私立 科技大学。前身为1967年由时任 光田综合医院 院长 王毓麟 博士成立"" 弘光护理专科学校 ""校名取自 ""弘毅博爱，医护之光"" ，1991年更名为""弘光医 ...",弘光科技大学 - 百度百科,https://baike.baidu.com/item/弘光科技大学/4679140,"弘光科技大学（Hungkuang University），简称弘光科大，是位于中国台湾省台中市沙鹿区的私立大学，创办于1967年，现任校长为吴聪能。该校秉持""以人为本，关怀生命""的办学理念，设有护理学院、民生创新学院、医疗健康学院、智慧科技学院等学院，涵盖20个系、9个研究所及1个博士班，在校学生约 ...",教學單位 - 弘光科技大學,https://www.hk.edu.tw/教學單位/,教學單位 - 弘光科技大學 ... Academic
醫事學院,視光系,視光系 薪水 Dcard,716,572.8,100,🏆 數據權威：展示全台排名與國考優勢,數據,薪 水 可以輸 但吵架不行！ 想當年 Dcard ... | TikTok,https://www.tiktok.com/@moontown.anne/video/7192232090019171610,薪 水 可以輸 但吵架不行！ 初三 #初三走春 #走春 #過年 #新年快樂 #新年快樂 #春節 #低卡 # dcard # dcard 經典好文 #迷因 #迷因梗圖 #meme.,直擊 Dcard 工作環境，想在哪辦公都可以、每週三還可選擇在家工作,https://www.myplus.com.tw/article-20190904/696/1,Dcard 的起源其實就是來自兩個當時還是大學生的男孩，對大學生活的「幻想破滅」，以為上了大學，就可以認識很酷的人、參加特別的活動，有多彩多姿的生活，但.,博士倫 dcard 詳細懶人包! 獨家資料! (2026年更新) - Clarisonic,https://www.clarisonic.com.tw/archives/178161,博士倫 dcard : 博士倫日拋 dcard 、博士倫 酷 柏、博士倫日拋評價在PTT/mobile01評價與討論，在ptt社群跟網路上大家這樣說.博士倫 dcard : “現貨” 博士倫 PreserVision AREDS 2，Lutein複方 210顆(2024/.
醫事學院,寵物照護與美容系,寵物照護與美容系 排名,716,572.8,77,⚔️ 全國戰役：製作【本校 vs 全台名校】優勢對照表,全台比拼,中華醫事科技大學寵物照護與美容系－科系介紹、課程與相關科系－104升學就業地圖,https://guide.104.com.tw/career/schoolMajor/5117000000/819916/introduction/,71703臺南市仁德區文華一街89號 相關連結 科系官網 大學問 本系教育目標為培育具有美學素養、寵物美容技術暨保健知識的寵物美容師、寵物美容師助理、寵物產業經營管理、行銷及獸醫助理等專業技術人才。 介紹內容來源：中華醫事科技大學寵物照護與美容系 ...,寵物照護與美容系,https://petgrooming.hwai.edu.tw/,2024-04-03 113入學年高中申請入學-校園暨寵護美容系參觀日【113年4月6日早上10點華醫寵護美容系歡迎參觀】 2023-03-13 竭誠歡迎蕭博藝獸醫師助理教授受聘中華醫大寵護美容系專任師資授課 2022-06-18 11002推廣教育班-居家寵物行為訓練班 (基礎班)招生中,有哪些學校有提供寵物相關科系？ - 問答 - Glarity,https://askai.glarity.app/zh-TW/search/有哪些學校有提供寵物相關科系,- **台北海洋科技大學**：寵物業經營管理系，涵蓋寵物美容、飼養管理及經營管理等課程【4】。 - **中華醫事科技大學**：寵物照護與美容系，課程包含犬學概論、寵物生理學等【5】。 - **元培醫事科技大學**：寵物保健學士學位學程，著重寵物健康及保健【9】。 這些學系提供多樣的課程和專業 ...
醫事學院,寵物照護與美容系,寵物照護與美容系 薪水 Dcard,688,550.4,100,🏆 數據權威：展示全台排名與國考優勢,數據,求解寵物美容的薪資問題T_T - 工作板 - Dcard,https://www.dcard.tw/f/job/p/228992575,2018年6月2日 · 昨天去面試老闆問我大概想多少薪資，我不知道寵物美容助理的行情大概多少價錢再加上我沒經驗要從頭學. 老闆開的薪資價是24500，在扣掉包含的勞健保 ...,我離開了寵物美容（文長慎入 - Dcard,https://www.dcard.tw/f/pet/p/235950487,2021年5月9日 · ... 薪水不錯. 首先我知道沒有工作是不辛苦的，但我真的覺得寵物美容是高風險高勞力低報酬的工作. 我先說說我的薪資跟休假，我從一開始的27k慢慢爬爬到現在 ...,詢問如果要做寵物相關工作要如何精進自己 - Dcard,https://www.dcard.tw/f/job/p/236882103,2021年9月3日 · 我一開始是完全沒有把寵物美容列入求職名單裡面的；我的目標是寵物店員和獸醫助理，家裡雖然有飼養寵物的經驗但是非常淺薄，我希望透過工作的管道能學習更好 ...
醫事學院,寵物照護與美容系,寵物照護與美容系 出路,671,536.8,83,✅ 資訊透明化：整理懶人包,資訊,中華醫事科技大學寵物照護與美容系的研究所升學比例、畢業出路與工作...,https://guide.104.com.tw/career/schoolMajor/5117000000/819916/,遠景機械股份有限公司 新北市專用生產機械製造修配業 16.7%在此就職 萬達 寵物 事業股份有限公司 台北市百貨相關業 16.7%在此就職 和諧自動化工程有限公司 新竹縣市自動控制相關業 8.3%在此就職 新光三越百貨股份有限公司 台北市百貨相關業 8.3%在此就職,中華醫事科技大學寵物照護與美容系介紹-TUN大學網,https://university.1111.com.tw/company.asp?sid=75&codeNo=1001000207,TUN大學網-整理中華醫事科技大學 寵物 照 護 與 美容 系 系 所簡介、系所特色、招生資訊、畢業 出路 、錄取分數、註冊率、考古題，讓大學生深入了解 寵物 照 護 與 美容 系 特色、必備核心能力、相關證照到未來發展，引領學生從申請、面試備審、畢業求職一路暢通！,中華醫事科技大學 寵物照護與美容系 | 大學問 - 升大學 找大學問,https://www.unews.com.tw/School/Department/103/2707,學系介紹 中華醫事科技大學 寵物 照 護 與 美容 系 之教育目標為培育具有美學素養及術德兼具的寵物 美容 師、寵物 美容 師助理、寵物產業經營管理、行銷及獸醫助理等技術專業技術人才。
醫事學院,視光系,視光系 出路,655,524.0,88,✅ 資訊透明化：整理懶人包,資訊,視光師是什麼？視光系出路薪水一次看懂,https://thxuexi.com/optometry-career-prospects-salaries/,"Aug 5, 2025 · 隨著社會對眼健康的重視， 視 光 系 成為近年熱門科系之一。 那麼，視光系讀幾年？ 視 光 系 能不能當醫生？ 視 光 系 出路 薪水如何？ 台灣有哪些視光系大學？ 本文將逐一為你解析上述常見問題，帶你全面了解 視 光 系 出路 薪水、學制規劃及未來發展。",#求解 視光學系的出路 - 醫事人員板 | Dcard 「視光系」最新找工作職缺｜2026年1月－104人力銀行 未來畢業出路 - 中華醫事科技大學視光系 馬偕醫學大學 視光學系 - Department of Optometry 我大學讀視光學系，但在畢業後選擇不做視光的工作 - 醫事人員板 | Dca... 視光師是什麼？視光系出路薪水一次看懂 「視光系」最新找工作職缺｜2025年9月－104人力銀行 「視光系」最新找工作職缺｜2025年9月－104人力銀行 走入新視界：視光系大公開！ - Google Sites,https://www.dcard.tw/f/med/p/234723592,"Nov 2, 2020 · 家中妹妹目前就讀 視 光 學系 ，因為是機緣巧合下來到這個科系，加上 出路 眾說紛紜，目前只知道畢業後可以考驗光師證照，所以對未來很迷茫。 想請問各位前輩，現在的市場對驗光師是否會很不友善？ 小妹現在有在考慮轉復健系與雙主修。 2026/1/24－814 個「 視 光 系 」工作機會｜ 視 光 系 -講師級以上專業技術人員【中華醫事科技大學】、視光師【玥鴻醫材股份有限公司】、兼職 視 光 學系工讀生【新高鳳醫院】。 104提供全台最多工作職缺及求職服務，更多「 視 光 系 」 找工作 職缺請上104。 報考國內醫藥衛生相關領域研究所，包括：醫學工程、醫學研究所、醫學分子毒理學、生命科學、企業管理…等，本校 視 光 系 設有視光碩士專班。 二、從事視光工作可選擇於視光中心、眼鏡公司從事眼視力屈光檢查及配鏡工作： 視 光 學系 > 未來 出路 本系致力培養學生成為專業的驗光師，在課程規劃中除了拓展學生的生物醫學研究的視野，並透過工程材料與視光科技等跨領域學習，培育視光醫學與光學相關材料之研發及醫學研究的人才。 Oct 31, 2021 · （ 視光 產業的工作性質與內容） 就以現在台灣就業環境來說， 視光 的工作內容大致有三大方向：1.眼鏡店的從業人員、2.醫院眼科的驗光人員、3.光學外商公司的員工。 注：第一類的眼鏡店是 視光 產業的就業大宗，本文章的內容會以眼鏡店為主。 視光系好嗎? 結語：視光系值得讀嗎？ 視光系具備穩定就業與多元發展優勢，無論進入醫療、商業或公職領域，都有不錯的發展空間。 隨著眼健康需求上升，視光系出路薪水也持續看漲。 若你對視力保健有興趣，視光系是值得投入的選擇。 視光師是什麼? 【視光 師】的主要工作內容： 1.執行眼鏡及隱形眼鏡之驗配工作。 2.提供視力保健與近視控制之專業知識衛教解說服務。 3. 視光 眼科相關儀器之操作。 4.客戶關懷與其他相關之行政庶務工作。 5.其他主管交辦事項。 6.能配合週六及平日晚間輪班者尤佳。 視光系相關領域碩士學位有哪些資格條件及專長領域? 基本 ★資格條件及專長領域： 1.獲有教育部認可之國內外大學 視光系 相關領域碩士學位。 2.具有視機能訓練、進階配鏡學、驗光學、 視光 學技術整合、眼 視光 儀器學等專長。 視 光該學甚麼？ 大一時的課程著重於醫學及視光的基礎學科，包括物理學、生物化學、解剖學和生理學等，同時也涵蓋 視 光 學系 的基礎專業領域，例如視光概論與視光學。 此外，大一期間系上還會安排至社區服務的機會，像是為長者、學童及幼教服務。",「視光系」最新找工作職缺｜2026年1月－104人力銀行,https://www.104.com.tw/jobs/search/?keyword=視光系,2026/1/24－814 個「 視 光 系 」工作機會｜ 視 光 系 -講師級以上專業技術人員【中華醫事科技大學】、視光師【玥鴻醫材股份有限公司】、兼職 視 光 學系工讀生【新高鳳醫院】。 104提供全台最多工作職缺及求職服務，更多「 視 光 系 」 找工作 職缺請上104。
醫事學院,寵物照護與美容系,嘉南藥理大學 寵物照護與美容系 寵物照護與美容系 比較,632,505.6,98,⚔️ 全國戰役：製作【本校 vs 全台名校】優勢對照表,全台比拼,中華醫事科技大學寵物照護與美容系－科系介紹 - 104職涯導航,https://guide.104.com.tw/career/schoolMajor/5117000000/819916/introduction/,本系教育目標為培育具有美學素養、寵物美容技術暨保健知識的寵物美容師、寵物美容師助理、寵物產業經營管理、行銷及獸醫助理等專業技術人才。 介紹內容來源：中華醫事科技 ...,[PDF] 115 學年度五專優先免試入學招生簡章 - 嘉南藥理大學,https://www.cnu.edu.tw/d_files/52/docs/20260115143247.pdf,... 寵物美容. 設計」兩組招生。 課程規劃： 課程特色係以「寵物照護保健」、「寵物造型設計」等實用技能為主要模組，經營管理專業等相關課程。 升學進路： 寵物美容、寵物照護 ...,中華醫事科技大學寵物照護與美容系的研究所升學比例 - 104職涯導航,https://guide.104.com.tw/career/schoolMajor/5117000000/819916/,學長姐從事職務Top10 ; 4. 寵物美容師 · 3萬 ; 5. 行政人員 · 3萬 ; 6. 工務人員／助理 · 3.5萬 ; 7. 一般動物飼育工作者 · 3.1萬 ; 8. 店長／賣場管理人員 · 3.5萬.
醫事學院,生物醫學及美容保健系,屏東科大 生物醫學及美容保健系 生物醫學及美容保健系 比較,630,504.0,100,⚔️ 全國戰役：製作【本校 vs 全台名校】優勢對照表,全台比拼,國立屏東科技大學 - 維基百科，自由的百科全書,https://zh.wikipedia.org/zh-tw/國立屏東科技大學,2014年教育部「研商典範科技大學策略聯盟運作與分工事宜會議」決議，策略聯盟之任務分工，維持由 國立臺北 科技大學 、 國立雲林科技大學 、 南臺科技大學 及國立 屏東 科技大學 擔任四區策略聯盟之召集學校。,生物科技系 – NPUST 生物科技系,https://biotech.npust.edu.tw/,在研究部分，本 系 教師群的研究，聚焦於「精準健康」、「環境永續」、「生技農業」三大領域。 碩士班學生 及 大學生於三年級進行實務專題時，可以根據自己的興趣選擇任一領域的教師作為專題的指導教授。,國立屏東科技大學生物科技系－科系介紹、課程與相關科系－104升學就業...,https://guide.104.com.tw/career/schoolMajor/5022000000/420302/introduction/,17.64 興趣類型 研究型、實作型（I、R） 學系地址 91207屏東縣內埔鄉老埤村學府路1號 相關連結 科系官網 屏 科大 生物 科技 系 訓練學生具有生物學、生態學、生物技術等專業知識，培育 生物 科學及生技產業專業應用人才。 介紹內容來源：國立 屏東 科技大學 生物 科技 ...
醫事學院,生物醫學及美容保健系,生物醫學及美容保健系 出路,626,500.8,80,✅ 資訊透明化：整理懶人包,資訊,旗艦版矽谷電波-SYLFIRM X推薦 - 台南醫美診所 皮膚基底保養利器 - 矽谷電波X養膚-源於內在順勢而美,https://www.bing.com/aclick?ld=e8n49CINY90oW14Ul6JARqcDVUCUxhzkVWItJg6UIMNWh_3asw_QM3kPsQlSy4iBPNTRBw24Ioar6lQ8Px43FWGxnblPT0koIKjzQk4mmodXqvfkEELbd1zIAx6oUg3pprbo5TuiBWiJ-udCDk3KZY4cfhRIMehi6rYV0FitxIOERAmA1dIm4fDurR7XqPA5eEkKI5HFZvRat0c3sJfHcX-H3UeYs&u=aHR0cHMlM2ElMmYlMmZ3d3cuZmFjZWJvb2suY29tJTJmcmVlbCUyZjEyODUwMzQ4NjYxNzE1NzUlM2Ztc2Nsa2lkJTNkZGI4ZTcyYjFjMGQ3MWJlODc0ZTgxYjM0NjY0MmEzZjQlMjZ1dG1fc291cmNlJTNkYmluZyUyNnV0bV9tZWRpdW0lM2RjcGMlMjZ1dG1fY2FtcGFpZ24lM2QlZTYlOTAlOWMlZTUlYjAlOGItJWU5JTgzJWFkJWU4JTgyJWIyJWU1JWFlJThmJWU3JTlhJWFlJWU4JTg2JTlhJWU3JWE3JTkxLSVlNSU4ZiViMCVlNSU4ZCU5Ny05JTI1M0EwMC0wMCUyNTNBMDAtJWU2JTg5JThiJWU2JWE5JTlmJTI1MkYlZTYlYTElOGMlZTYlYTklOWYtMTgtNDklZTYlYWQlYjItQWRzJWU4JTgxJWFmJWU2JTkyJWFkJWU3JWI2JWIyLSVlOSVhMCU5MCVlNyVhZSU5NyUyNTI0MjAwXyVlNSVhMiU5ZSVlNSViYyViNyVlNSU5ZSU4YiVlNiVhZiU4ZiVlNiVhYyVhMSVlOSViYiU5ZSVlOSU4MSViOCVlNiU4OCU5MCVlNiU5YyVhYyUyNnV0bV90ZXJtJTNkJWU5JTg2JWFiJWU3JWJlJThlJTI2dXRtX2NvbnRlbnQlM2QlZTklODYlYWIlZTclYmUlOGU&rlid=db8e72b1c0d71be874e81b346642a3f4,"Sylfirm X通過美國FDA、歐盟CE、韓國KFDA認可，於台灣衛福部TFDA認證取得客製化的專業保養。. 保養科技先行者SylfirmX，矽谷電波X獨特養護模式，為您客製化新肌之旅，打造全方位穩健基底。 款式 : 201台灣府城實景, 202台灣鐵馬, 205東吉嶼, 501銀河",經驗豐富整形專科整體性完整評估 - 米蘭全方位乳房美型 魔滴隆乳 - 『米蘭時尚診所』全方位乳房美型,https://www.bing.com/aclick?ld=e8zijAzWrnsZv49vypXlFJGTVUCUyWNTI8cXeGO4ZKqW96ckpqQ6buMVMvNjD0XOghgreCOIelkVDjKGcrNAJRaKa5qvhMX6gLQ281eSvjL1DMRPJXOvjL8QkMn0VZENHCT5w-cJcGDs1rh7djdDaVeDQwc2WvhVs2LT7qyzowoafy6G0_9YkgEPQcvu2Ox-BvWn8ToZrxiGrd7vQZsJTflEMBNgI&u=aHR0cHMlM2ElMmYlMmZ3d3cubmljZWNsaW5pYy5jb20udHclMmZ6aF90dyUyZnNlcnZpY2VzJTJmY29udGVudCUyZjIzNiUyZk1vdGl2YSUzZm1zY2xraWQlM2Q1NWFlYjJlOWRlOGMxMzRkY2JkNGRiNmM3ODE5ZTRlZCUyNnV0bV9zb3VyY2UlM2RiaW5nJTI2dXRtX21lZGl1bSUzZGNwYyUyNnV0bV9jYW1wYWlnbiUzZDA0JWU2JTllJTljJWU1JTg3JThkJWU4JWIxJTkwJWU4JTgzJWI4JTI2dXRtX3Rlcm0lM2QlZTklOWElODYlZTQlYjklYjMlMjZ1dG1fY29udGVudCUzZCVlNiU5ZSU5YyVlNSU4NyU4ZCVlOSU5YSU4NiVlNCViOSViM19CTU0&rlid=55aeb2e9de8c134dcbd4db6c7819e4ed,"預約 升級水滴形隆乳，打造俏挺美胸158,000起！術前完整評估，量身訂製，網路好評激推！. 平胸沒自信？整形專科醫師量身訂製迷人胸型，性感挺身而出！ 項目 : 矽膠隆乳, 果凍, 蜜桃隆乳, 果凍隆乳費用, 矽膠胸部",三元及第 生物所輔考首選 - 升學不二選 - 全國連鎖班系報名中,https://www.bing.com/aclick?ld=e8scXw1MuB2_1fJIiN1OzIkDVUCUyFurU_VlzBW2WRQfRVvhCKuhTMT_GzJ_ojKWE7hamck20SXbTqY4Vy4i0fgWqXNX5HxbxqgDzugoeex4kMUUsX8ofYNeXD8v6fOLidl8Pi9xZf8FIExdiZaThg8933wNTsfT67TfirTR1s50p9k_QrSCgsf0gNpyD5j6Ey0SxamnCweOlGWdgrVVY866PusSQ&u=aHR0cHMlM2ElMmYlMmZ3d3cuM2RvbGxhcnMuY29tLnR3JTJmJTNmbXNjbGtpZCUzZGNlYjg4YmJlMmI1MTExNzc1NGJiZTIzYjhkYzQzM2Nj&rlid=ceb88bbe2b51117754bbe23b8dc433cc,精緻小班教學，名師匯聚，台清交成頂尖系所強勢上榜！. 專辦醫學、公衛、化學、生科等研究所考試，上榜率超高，立即洽詢！
醫事學院,生物醫學及美容保健系,生物醫學及美容保健系 薪水 Dcard,619,495.2,93,🏆 數據權威：展示全台排名與國考優勢,數據,請益五專科系怎麼選才好- 考試板 - Dcard,https://www.dcard.tw/f/exam/p/258410226,2025年3月30日 · 10生物醫學及美容保健. （其實我不知道這是什麼感覺很像醫美）. -. 我問過 ... 薪水就高，讀專科的薪水就低，我們是看證書，應該所有醫事人員都是 ...,學測考爛想過要不要讀科大- 升大學考試板 - Dcard,https://www.dcard.tw/f/freshman/p/255000502,2024年3月17日 · 同學. 華麗登場. 0. 想要問一下今年國中畢業想要讀中華的生物醫學及美容保健科的那個會很難嗎要一直背書嗎 . B18 24/5/1 06:39 (已編輯). K · 我是大卡稱.,面試心得#文長30歲裸辭後的瘋狂面試心得分享- 工作板 - Dcard,https://www.dcard.tw/f/job/p/256087680,2024年7月11日 · 6. 面試攻略/薪水：薪水不高，大概介於4-5萬之間。剛畢業的人可能不到4萬。屬於錢少事少的工作。面試時跟主管聊的來的話三天內就會通知二面了。 總結：這個 ...
醫事學院,醫學檢驗生物技術系,醫學檢驗生物技術系 薪水 Dcard,501,400.8,99,🏆 數據權威：展示全台排名與國考優勢,數據,科技業 薪水 分享 - 科技業 forum | Dcard,https://www.dcard.tw/f/tech_job/p/241759899,"December 26, 2023 - 嗨大家很感謝你們的分享，⚠️注意保護自身安全⚠️，1️⃣年資請四捨五入，2️⃣薪資四捨五入到萬 避免被查水表，3️⃣本表格遇到不可抗力會移除連結 請自行保存，4️⃣統整表格我藏在那裡惹🤣，———————...",各類型工程師的年薪統計 - 研究所 forum | Dcard,https://www.dcard.tw/f/graduate_school/p/258455589,"April 4, 2025 - Sign up/Sign in · Download App · 研究所 · 各類型工程師的年薪統計 · 輔仁大學 · 實際上如果不分年資的話，年薪(含年終、考績、績效、其他額外獎金)中位數(P50)有達到100萬的工程師其實沒那麼多 演算法、BIOS、韌體、IC設計、...",生技業真的薪水很低嗎？ - 工作 forum | Dcard,https://www.dcard.tw/f/job/p/239940607,"November 6, 2025 - Sign up/Sign in · Download App · 工作 · 生技業真的薪水很低嗎？ · 生物科技 研究員 · 剛畢業在工作 選了一個生技業 研究員的工作 工作內容是小分子藥物合成 公司應該算藥物開發 起薪四萬七 爬ptt的文都說生技業薪水很低 ..."
醫事學院,視光系,大葉大學 視光系 視光系 比較,468,374.4,93,⚔️ 全國戰役：製作【本校 vs 全台名校】優勢對照表,全台比拼,大 葉 大 學 - 視 光 學 系 豬眼解剖@ 大 葉 大 學 視 光 學 系 - YouTube,https://www.youtube.com/watch?v=EE7LyK1dhmQ,,storm.mg/article/5141573,https://www.storm.mg/article/5141573,驗 光 人員法緩衝期即將結束，眼鏡產業急需專業驗 光 人才， 大 葉 大 學 視 光 系 為培育 學 生實務操作，積極地引薦 學 生到具備合格驗 光 師的驗 光 所去實習。 （圖/ 大 葉 大 學 提供）. 驗 光 人員法緩衝期即將結束，眼鏡產業急需專業驗 光 人才， 大 葉 大 學 視 光 系 為培育 學 生實...,大 葉 大 學 視 光 學 系 攜手台中驗 光 師公會 帶動 視 力健康產業升級,https://tw.news.yahoo.com/大葉大學視光學系攜手台中驗光師公會-帶動視力健康產業升級-143103946.html,大 葉 大 學 視 光 學 系 介紹VR訓練軟體。 （ 大 葉 大 學 提供）. 大 葉 大 學 視 光 學 系 陳雅郁老師（左）教 學 員使用聚散球訓練眼睛運動能力。 （ 大 葉 大 學 提供）.
醫事學院,視光系,中華醫事 視光系 評價,467,373.6,51,❤️ 暖心溝通：建立校系認同感,社群,視光新生 - 中華醫事科技大學板 | Dcard 中華醫事科技大學視光系－心得評價－大學科系真心話－104升學就業地圖 Re: [討論] 中華醫事科大 視光系 - 看板 V_ScHooL - 批踢踢實業坊 中華醫事科技大學視光系（暨研究所）(科)介紹-TUN大學網 視光系 (科) (所) - 中華醫事科技大學視光系 視光系的學科與風氣 - 中華醫事科技大學板 | Dcard 中華醫事科技大學 視光系 | 大學問 - 升大學 找大學問,https://www.dcard.tw/f/hwai/p/234091842,"Jul 21, 2020 · 大家好我是 視光系 的大一新生，想問問學長姐給 視光系 的 評價 如何，課會很多嗎？ 是需要一直唸書的系嗎？ 請問如果是高中社會組來接觸會很難適應嗎，我很好奇希望有經驗的學長姐能幫我解答，謝謝 - 中華醫事 科技大學,問題 馬偕醫學院 視光學系 1 位學長姐發表了就讀心得 嘉南藥理大學 藥學系 33 位學長姐發表了就讀心得 美和科技大學 社會工作系 2 位學長姐發表了就讀心得 弘光科技大學 護理系 1 位學長姐發表了就讀心得 亞東科技大學 護理系 1 位學長姐發表了就讀心得 大仁科技 ... Mar 21, 2010 · 小弟個人認為，既然原PO是有""志""於念該 系 應該要多多了解一下到底內容是什麼 不論是上課的內容，未來出路，甚至是薪水 當然大家人各有志，不會說叫你不要讀不要怎樣的 因為興趣都不一樣，當然假如你有興趣的話，那很棒 本系為全國三所設立 視光系 之科技大學之一，亦是唯一同時具備視 光 系研究所之技職院校，在彰化以南大學部 視光系 僅有本系，歷年來積極與在地驗光配鏡職業工會、驗光師/生公會、眼鏡商業公會等保持良好互動，藉由已連續辦理5年之產業學院計畫與視光用人 ... 7/30 (日) 112年驗光人員專技普通考試壓軸登場， 中華醫 大 視光系 師生團隊，赴長榮女中為今年報考的畢業生暨校友們加油打氣，全體師長特別獻上祝福，企盼所有考生考試順利、金榜題名 Mar 23, 2025 · 幫家中妹妹問，有讀 視光系 的同學們，對於 視光 的學科準備、實習、國考執照準備等等相關事情可以提供參考嗎？謝謝妳/你們 ... 學系介紹 中華醫事 科技大學 視光系 教育特色：學有專精的教學團隊，堅強的視光業界師資，優良且完善的專業實驗教室，緊密的視光門市、眼科實習，導入業師實務教學並與就業職場連結。",中華醫事科技大學視光系（暨研究所）(科)介紹-TUN大學網,https://university.1111.com.tw/company.asp?sid=75&pgtp=4&codeNo=1001000203,本系為全國三所設立 視光系 之科技大學之一，亦是唯一同時具備視 光 系研究所之技職院校，在彰化以南大學部 視光系 僅有本系，歷年來積極與在地驗光配鏡職業工會、驗光師/生公會、眼鏡商業公會等保持良好互動，藉由已連續辦理5年之產業學院計畫與視光用人 ...,視光系 (科) (所) - 中華醫事科技大學視光系,https://opt.hwai.edu.tw/,7/30 (日) 112年驗光人員專技普通考試壓軸登場， 中華醫 大 視光系 師生團隊，赴長榮女中為今年報考的畢業生暨校友們加油打氣，全體師長特別獻上祝福，企盼所有考生考試順利、金榜題名
醫事學院,製藥工程系,製藥工程系 出路,436,348.8,86,✅ 資訊透明化：整理懶人包,資訊,中華醫事科技大學製藥工程系- 升學就業 - 104職涯導航,https://guide.104.com.tw/career/schoolMajor/5117000000/720326/,學長姐都在哪些公司 · 平廷實業有限公司. 平廷實業有限公司. 高雄市藥品／化妝品及清潔用品批發業 · 美時化學製藥股份有限公司 · 美時化學製藥股份有限公司. 南投縣藥品製造 ...,關於系所 - 製藥工程系- 中華醫事科技大學,https://dpst.hwai.edu.tw/p/404-1028-37453.php?Lang=zh-tw,就業出路. ○ 任職製藥產業、化妝品產業、健康食品產業、畜牧寵物醫藥產業之製造、研發、品保、檢驗分析等部門專業人員及領導幹部。 ○ 上列就業產業之行銷、推廣之專業 ...,中華醫事科技大學製藥工程系- 升學就業 - 104職涯導航,https://guide.104.com.tw/career/schoolMajor/5117000000/720326/?exp=1,學長姐都在哪些公司 · 南光化學製藥股份有限公司. 南光化學製藥股份有限公司. 台南市藥品製造業 · 中國化學製藥股份有限公司 · 中國化學製藥股份有限公司. 台北市藥品製造 ...
醫事學院,製藥工程系,製藥工程系 薪水 Dcard,387,309.6,92,🏆 數據權威：展示全台排名與國考優勢,數據,各科技產業薪資大公開!這些職業年薪超高引熱議｜Dcard熱門事件 - Social Lab社群實驗室,https://www.social-lab.cc/2024/07/leaderboard/dcard/各科技產業薪資大公開！這些職業年薪超高引熱議/,觀測時間： 2024.07.01-2024.07.07 觀測來源： Dcard 新增文章： 於統計期間內所新增之回文數 (含已被刪除之留言) 本排行榜由 《OpView社群口碑資料庫》 依據網站類型與網友討論則數，所製作的即時聲量排行榜，名次代表討論聲量大小。,#工作心得 藥廠業務底薪分享樓 - 工作板 | Dcard,https://www.dcard.tw/f/job/p/255531784,"發現網路上好多討論科技業環境跟薪水的文，大家互相交流，資訊比較透明，但是很少人討論藥廠業務，如果有人願意分享的話就在這棟蓋樓吧，範例：年資：5年（台廠2年+外商3年），單月底薪+伙食津貼，（不含其他津 - 藥廠,業務,工作,工作經驗,求職",科技業 薪水 分享 - 科技業板 | Dcard,https://www.dcard.tw/f/tech_job/p/241759899,"嗨大家很感謝你們的分享，⚠️注意保護自身安全⚠️，1️⃣年資請四捨五入，2️⃣薪資四捨五入到萬 避免被查水表，3️⃣本表格遇到不可抗力會移除連結 請自行保存，4️⃣統整表格我藏在那裡惹🤣，———————————————— - 設備,薪水,求職"
醫事學院,語言治療系,康寧大學 語言治療系 語言治療系 比較,360,288.0,96,⚔️ 全國戰役：製作【本校 vs 全台名校】優勢對照表,全台比拼,youtube.com/watch?v=vGOMh_qiMEU,https://www.youtube.com/watch?v=vGOMh_qiMEU,,校本 言 語 治 療 服務指引,https://sense.edb.gov.hk/uploads/page/types-of-special-educational-needs/speech-and-language-impairment/校本言語治療服務指引_11.2023.pdf,,馬偕醫 學 院 聽力暨 語 言 治 療 學 系 江岱璉 | IOH 開放個人經驗平台,https://ioh.tw/talks/馬偕聽語系-江岱璉-tw-study-mmc-bde,關於講者. Tai-Lien Chiang 江岱璉，現在為 大 醫院中的小小聽力師，畢業於馬偕醫 學 院的聽力暨 語 言 治 療 學 系 。聽力暨 語 言 治 療 學 系 只能在醫院工作？
醫事學院,語言治療系,中華醫事 語言治療系 評價,351,280.8,55,❤️ 暖心溝通：建立校系認同感,社群,youtube.com/watch?v=HifhYxeuDwY,https://www.youtube.com/watch?v=HifhYxeuDwY,,暖身做不夠、運動後疼痛！ 運動前暖身該怎麼做？ 又要做多久,https://sccare.com.tw/【醫師專欄】暖身做不夠、運動後疼痛！運動前暖/,丁子凌 語 言 治 療 師.黃聖婷 語 言 治 療 師.,中 山 醫 學大學 語 言 治 療 與聽力學 系 詹雅棨 | IOH 開放個人經驗平台,https://ioh.tw/talks/中山醫學大學語言治療與聽力學系-詹雅棨-flora-chan-tw-study-csmu-bde,踏上 語 言 治 療 這條路的初衷. 畢業於 中 山 醫 學大學 語 言 治 療 與聽力學 系 的詹雅棨，在榮總復健部從 事 語 言 治 療 已有兩年餘的時間，謹守初衷、熱心助人的她，天天站在 醫 療 的第一線為. 病人的「發聲」而努力。
醫事學院,醫學檢驗生物技術系,國立臺北護理健康大學 醫檢系 醫學檢驗生物技術系 比較,338,270.4,95,⚔️ 全國戰役：製作【本校 vs 全台名校】優勢對照表,全台比拼,公共衛生師考試注意事項 - 醫學檢驗生物技術系,https://mt.ctust.edu.tw/var/file/4/1004/img/290195642.pdf,學分/時數六大領域. 醫檢系日二技流行病學. 2/2. 二、流行病學. 醫檢系日二技醫師病人與社會. 2/2. 一、公共衛生綜論. 醫檢系日二技醫院資訊系統與管理.,10衛護群錄取分數排行榜- 111年四技二專登記分發查榜-www.com.tw,https://www.com.tw/techreg/m_groupid_10_111.html,國立臺北護理健康大學護理系 (畢業出路). 650.00 / 72.22. (10012). 國立臺北護理 ... 中臺科技大學醫學檢驗生物技術系 (畢業出路). 276.50 / 39.50. (10049). 元培醫事 ...,護理系vs醫技系- 升大學考試板| Dcard,https://www.dcard.tw/f/freshman/p/242732207,2023年7月4日 · 想請教各位學長姐，護理系跟醫技系哪個比較好？最近招生季快到了，但都被兩邊的教授們洗腦自己的系比較好，所以上來問問大家的意見！，（幫妹妹發文），護理系， ...
醫事學院,醫學檢驗生物技術系,中華醫事 醫學檢驗生物技術系 評價,290,232.0,48,❤️ 暖心溝通：建立校系認同感,社群,中華醫事科技大學醫學檢驗生物技術系－心得評價－大學科系真心話－104升學就業地圖,https://guide.104.com.tw/career/schoolMajor/5117000000/720708/comment/,來自中華醫事科技大學醫學檢驗生物技術系的同學評價，104升學就業地圖蒐集你想知道的科系就讀經驗與科系評價,大家覺得華醫怎麼樣？ - 中華醫事科技大學板 | Dcard,https://www.dcard.tw/f/hwai/p/231176319,14 已經要變成全台灣最好的東南亞大學了 科科 B3519/4/27 07:00 中華醫事科技大學 醫學檢驗生物技術系 12 不想毀了人生就別來 B819/4/27 04:41,中華醫事科技大學醫學檢驗生物技術系 - Facebook,https://www.facebook.com/hwaimt/,中華醫事科技大學醫學檢驗生物技術系 2d 醫技， 是專業， 更是一份守護生命的使命! 在華醫， 我們陪你一步步走到醫檢師的終點線。 🎯 選擇華醫醫技系，你將擁有： 完整國考培育制度 專業醫檢核心技能 穩定醫療就業保障 教師團隊全程陪伴
醫事學院,生物醫學及美容保健系,東海大學 生物醫學及美容保健系 生物醫學及美容保健系 比較,284,227.2,94,⚔️ 全國戰役：製作【本校 vs 全台名校】優勢對照表,全台比拼,THU - 東海大學 生命科學系,https://biology.thu.edu.tw/,恭喜各位同學通過層層考驗，來到 東海 大學 生命 科學 系 。 我懷著和七月天氣一般火熱的心情，歡迎各位同學加入東海生科這個溫暖大家庭，成為第70屆的生科人！ 在過去70年，東海生科的老師、助教、系辦同仁和海內外的系友們，均以最大的熱情與... 閱讀更多,東海大學生命科學系生物醫學組 - ColleGo,https://collego.edu.tw/Highschool/DepartmentIntro?dept_id=009013,生物 醫學 則是綜合生物學、生命科學及基礎醫學而發展的跨領域學科，運用生物化學、基因工程、細胞生物學、生物資訊、生物統計、模式生物、高階影像科技等方法研究現代醫學上的問題並加以應用。,#選系 幫問 東海大學 - 升大學考試板 | Dcard 東海大學生命科學系 | 大學申 BIG STUDENT 東海大學 生命科學系 | 大學問 - 升大學 找大學問 東海大學生命科學系－科系介紹、課程與相關科系－104升學就業地圖 系所簡介 - 東海大學 生命科學系 - THU,https://www.dcard.tw/f/freshman/p/236621315,"Aug 1, 2021 · 原文以下： 想詢問各位學長姐 有關 東海 大學 科 系 的問題 比對完近三年的錄取標準後 可以穩上的有這三個系 1.生命科學 系 生物 醫學 組 2.食品科學系A組 3.畜產與動物科技A組 想問學長姐的問題如下： 1.AB組的差別 2.想分別聽看看讀過這三個系的學長姐分享心得 ... 1.奬勵優秀學生入學，設有歐保羅教授奬學金及 生命 科學 系 優秀新生奬學金，詳見系網“招生資訊”及“獎學金”。 2.本系自創系以來以強調 生物 醫學 實驗操作為教學特色，是全國最注重實驗課的質與量、最早進行大學部畢業專題論文的生命科學系。 學系介紹 東海 大學 生命 科學 系 設有四年制學士班、二年制碩士班，除了招收本地高中職生外，歡迎香港、澳門、馬來西亞等僑外生報考就讀。 1. 生物 醫學 組：目的在於培養生物 醫學 研究與從業人才；建構基礎醫學及 生物 學專業理論與知識，並整合實驗課程。 「 生物 醫學 」組鼓勵並訓練學生朝向基礎醫學、轉譯醫學及分子細胞生物學的研究與教學，以及生物科技與醫藥產業的研發、管理、推廣與銷售等專業發展。 介紹內容來源：ColleGo 系所特色 東海 大學 生命科學 系 成立於民國44年，為本校歷史最悠久的系所之一。 本系設立「宗旨」在培育生命科學方面的專業人才。 「目標」為培育學生具有基本的科學研究能力，並提供多方面教學資源，鼓勵學生朝向學術研究、生物產業及多元化發展。"
醫事學院,語言治療系,語言治療系 薪水 Dcard,222,177.6,92,🏆 數據權威：展示全台排名與國考優勢,數據,#閒聊 語言治療師薪水這麼高？ - 工作板 | Dcard,https://www.dcard.tw/f/job/p/258883976,"May 23, 2025 · 語言 治療 師轉職 目前年薪大概85-90萬左右，在中南部工作，工作時間的話跟公務人員一樣的作息，在家人眼中算不錯的工作，但我超級i 也不喜歡小孩，所以當治療師當得很辛苦不開心，有想過轉藥學獸醫（但可能跟我現在 薪水 差不多",語言治療系詢問 - 升大學考試板 | Dcard [討論] 語言治療師南部職缺多嗎？ - 看板 Therapist - 批踢踢實業坊 語言治療與聽力學系薪水：2025年台灣市場深入剖析與職涯發展指南 語言治療師薪資比較 | 薪資公秤最詳盡的薪水調查,https://www.dcard.tw/f/freshman/p/255638319,"May 23, 2024 · 我朋友讀語治，讀完四年後直接回來重考，主要是工作缺額太少了， 薪水 確實還可以，但根本找不到工作，如果你是以金錢導向的最好還是填藥學系，即使嘉南藥都比語治好，如果能撈到隨便一間醫牙，那就無憂無慮了 May 18, 2022 · 板友好 我本身是生物技術研究所背景 想脫離研究助理工作 家裡長輩中風 間接接觸到 語言 治療 的領域 也感到興趣 在發文前 有先試著找ptt或 d card 爬文分享 同時也去人力銀行104/1111或語言學會張貼的徵才消息 發現語治職缺大多開在中北部居多,平均 薪水 5萬上下 南部 ... Oct 15, 2025 · Q2：聽力師與 語言 治療 師相比，哪個領域的 薪水 較高？ 在台灣， 語言 治療 師與聽力師的 薪 資 水平整體差異不大，但會因專精領域、工作場域、經驗值及特殊證照而有所不同。 一般而言，兩者在同等條件下的 薪 資區間是相似的。 薪資比較是以產業、公司規模、教育程度、工作地區等四個項向度，依年資分析薪資的中位數。可幫助您看出隨著年資的增長，在不同條件下語言治療師薪資有何差異。",語言治療師行業飽和了嗎？語言治療師薪水&5大出路詳解,https://ahkeducation.com/speech-therapist-salary/,"Jul 4, 2025 · 在健康照護與特殊教育領域， 語言 治療 師扮演著角色。 然而，也有不少人質疑 語言 治療 師行業是否已經飽和？ 語言 治療 師 薪水 水平與職業出路究竟如何？ 接下來，我們將從多個維度深入探討，為你呈現 語言 治療 師 薪水 、出路等職業情況的真實面貌。"
醫事學院,醫學檢驗生物技術系,醫學檢驗生物技術系 出路,203,162.4,89,✅ 資訊透明化：整理懶人包,資訊,香港赴台升 學 臺北 醫 學 大 學 醫 學 檢 驗 暨 生 物 技 術 學 系 黃俊琪,https://ioh.tw/talks/study-in-taiwan-黃俊琪-queenie-huang-tw-study-tmu-bde-hk,課程規劃. 醫 學 檢 驗 暨 生 物 技 術 學 系 課程簡言之可以分成 醫 學 檢 驗 、 生 物 技 術 兩類，Queenie建議想更深入了解 生 物 技 術 的 學 弟妹不妨在四年級時修企業實習。 系 上畢業門檻除了必修...,醫 學 檢 驗 暨 生 物 技 術 學 系,https://www.mc.ntu.edu.tw/clsmb/Vcard.action,"醫 學 檢 驗 暨 生 物 技 術 學 系 ,National Taiwan University College of Medicine.關於香港理工大 學 醫 療科 技 及資訊 學 系 .",讀 醫 檢 出 路 會不會很少 - 閒聊板 | Dcard,https://www.dcard.tw/f/talk/p/255352534,我妹今年國三 要會考 昨天在家跟她討論要讀哪間 學 校 討論了一下 她說她想讀 醫 學 檢 驗 生 物 技 術 科 於是我上網查了一下 出 路 好像滿少的 於是我問了. 我周遭的朋友 好像也沒人清楚這個科 系 是幹嘛的 但好像一定要考證照 沒有考到證照好像就沒有用了 有人是讀 醫 檢 的嗎！
醫事學院,寵物照護與美容系,中華醫事 寵物照護與美容系 評價,154,123.2,49,❤️ 暖心溝通：建立校系認同感,社群,中華醫事科技大學寵物照護與美容系 - Facebook,https://www.facebook.com/people/中華醫事科技大學寵物照護與美容系/100057320354623/,中華 醫 事 科技大學 寵物 照 護 與 美容 系 學生，於12月 20、21日參加台灣畜犬協會（KCT）華醫場貓美容 檢定考試，在33位受檢考生中，本校共有22位同學 取得證照，更有2位同學獲頒技術獎！ 近年來，隨著貓咪在台灣寵物飼養佔比升高，貓美 容的需求大幅提升。,"中華醫事科技大學 - 升大學考試板 | Dcard 中華醫事科技大學寵物照護與美容系－科系介紹、課程與相關科系－104升... 寵物照護與美容系 中華醫事科技大學 寵物照護與美容系 | 大學問 - 升大學 找大學問 中華醫事科技大學寵物照護與美容系介紹-TUN大學網 中華醫事科技大學寵物照護與美容系, 文華一街89號 (2026)",https://www.dcard.tw/f/freshman/p/254955915,"想問一下學長姐們 華 醫 的五專（ 寵物 美容 科），學費大概要多少，住宿的環境好嗎，一個月的生活費大概多少，還有推薦去讀嗎（真的很喜歡這個科系），希望可以有學長姐幫我回答一下👀💗‼️ - 中華 醫 事科技大學,寵物美容 71703臺南市仁德區文華一街89號 相關連結 科系官網 大學問 本系教育目標為培育具有美學素養、寵物美容技術暨保健知識的寵物美容師、寵物美容師助理、寵物產業經營管理、行銷及獸醫助理等專業技術人才。 介紹內容來源： 中華 醫 事 科技大學 寵物 照 護 與 美容 系 ... 2022-04-18 寵物經濟學夯!南台灣指標豪宅打造「寵物公設」 受到高端客青睞 2022-04-18 東森集團總裁王令麟：買家樂福不如開寵物店 2021-09-13 寵物 照 護 與 美容 系 -誠徵專職工讀生 2020-09-08 第一金控推出寵物基金 2020-09-07 108年2月第一屆寵物美容丙檢在華 醫 校園舉辦 學系介紹 中華 醫 事 科技大學 寵物 照 護 與 美容 系 之教育目標為培育具有美學素養及術德兼具的寵物美容師、寵物美容師助理、寵物產業經營管理、行銷及獸醫助理等技術專業技術人才。 TUN大學網-整理 中華 醫 事 科技大學 寵物 照 護 與 美容 系 系 所簡介、系所特色、招生資訊、畢業出路、錄取分數、註冊率、考古題，讓大學生深入了解 寵物 照 護 與 美容 系 特色、必備核心能力、相關證照到未來發展，引領學生從申請、面試備審、畢業求職一路暢通！ 中華 醫 事 科技大學 寵物 照 護 與 美容 系 學生，於12月20、21日參加台灣畜犬協會（KCT）華醫場貓美容檢定考試，在33位受檢考生中，本校共有22位同學取得證照，更有2位同學獲頒技術獎！ 近年來，隨著貓咪在台灣寵物飼養佔比升高，貓美容的需求大幅提升。",中華醫事科技大學寵物照護與美容系－科系介紹、課程與相關科系－104升...,https://guide.104.com.tw/career/schoolMajor/5117000000/819916/introduction/,71703臺南市仁德區文華一街89號 相關連結 科系官網 大學問 本系教育目標為培育具有美學素養、寵物美容技術暨保健知識的寵物美容師、寵物美容師助理、寵物產業經營管理、行銷及獸醫助理等專業技術人才。 介紹內容來源： 中華 醫 事 科技大學 寵物 照 護 與 美容 系 ...
